#
# There is insufficient memory for the Java Runtime Environment to continue.
# Native memory allocation (mmap) failed to map 108003328 bytes. Error detail: G1 virtual space
# Possible reasons:
#   The system is out of physical RAM or swap space
#   This process is running with CompressedOops enabled, and the Java Heap may be blocking the growth of the native heap
# Possible solutions:
#   Reduce memory load on the system
#   Increase physical memory or swap space
#   Check if swap backing store is full
#   Decrease Java heap size (-Xmx/-Xms)
#   Decrease number of Java threads
#   Decrease Java thread stack sizes (-Xss)
#   Set larger code cache with -XX:ReservedCodeCacheSize=
#   JVM is running with Unscaled Compressed Oops mode in which the Java heap is
#     placed in the first 4GB address space. The Java Heap base address is the
#     maximum limit for the native heap growth. Please use -XX:HeapBaseMinAddress
#     to set the Java Heap base and to place the Java Heap above 4GB virtual address.
# This output file may be truncated or incomplete.
#
#  Out of Memory Error (os_windows.cpp:3926), pid=7400, tid=364
#
# JRE version: OpenJDK Runtime Environment JBR-21.0.11+1-1163.116-nomod (21.0.11+1) (build 21.0.11+1-b1163.116)
# Java VM: OpenJDK 64-Bit Server VM JBR-21.0.11+1-1163.116-nomod (21.0.11+1-b1163.116, mixed mode, sharing, tiered, compressed oops, compressed class ptrs, g1 gc, windows-amd64)
# No core dump will be written. Minidumps are not enabled by default on client versions of Windows
#

---------------  S U M M A R Y ------------

Command Line: --add-opens=java.base/java.lang=ALL-UNNAMED --add-opens=java.base/java.lang.invoke=ALL-UNNAMED --add-opens=java.base/java.util=ALL-UNNAMED --add-opens=java.prefs/java.util.prefs=ALL-UNNAMED --add-exports=jdk.compiler/com.sun.tools.javac.api=ALL-UNNAMED --add-exports=jdk.compiler/com.sun.tools.javac.util=ALL-UNNAMED --add-opens=java.base/java.util=ALL-UNNAMED --add-opens=java.prefs/java.util.prefs=ALL-UNNAMED --add-opens=java.base/java.nio.charset=ALL-UNNAMED --add-opens=java.base/java.net=ALL-UNNAMED --add-opens=java.base/java.util.concurrent.atomic=ALL-UNNAMED --add-opens=java.xml/javax.xml.namespace=ALL-UNNAMED -XX:MaxMetaspaceSize=384m -XX:+HeapDumpOnOutOfMemoryError -Xms256m -Xmx512m -Dfile.encoding=UTF-8 -Duser.country=IN -Duser.language=en -Duser.variant -javaagent:C:\Users\ismail\.gradle\wrapper\dists\gradle-8.14.3-all\10utluxaxniiv4wxiphsi49nj\gradle-8.14.3\lib\agents\gradle-instrumentation-agent-8.14.3.jar org.gradle.launcher.daemon.bootstrap.GradleDaemon 8.14.3

Host: AMD Ryzen 5 7530U with Radeon Graphics         , 12 cores, 7G,  Windows 11 , 64 bit Build 26100 (10.0.26100.9444)
Time: Wed Sep 30 21:58:49 2026 India Standard Time elapsed time: 405.681662 seconds (0d 0h 6m 45s)

---------------  T H R E A D  ---------------

Current thread (0x000001ce7e58e920):  VMThread "VM Thread"          [id=364, stack(0x0000007b05700000,0x0000007b05800000) (1024K)]

Stack: [0x0000007b05700000,0x0000007b05800000]
Native frames: (J=compiled Java code, j=interpreted, Vv=VM code, C=native code)
V  [jvm.dll+0x6ed7f9]  os::win32::platform_print_native_stack+0xd9  (os_windows_x86.cpp:236)
V  [jvm.dll+0x8cbfcb]  VMError::report+0xd8b  (vmError.cpp:1022)
V  [jvm.dll+0x8ce76a]  VMError::report_and_die+0x79a  (vmError.cpp:1890)
V  [jvm.dll+0x8cee43]  VMError::report_and_die+0x43  (vmError.cpp:1660)
V  [jvm.dll+0x28e496]  report_vm_out_of_memory+0x56  (debug.cpp:225)
V  [jvm.dll+0x6ea0b5]  os::pd_commit_memory_or_exit+0x75  (os_windows.cpp:3934)
V  [jvm.dll+0x6ddada]  os::commit_memory_or_exit+0x2a  (os.cpp:1994)
V  [jvm.dll+0x369d2e]  G1PageBasedVirtualSpace::commit+0xde  (g1PageBasedVirtualSpace.cpp:196)
V  [jvm.dll+0x371bfb]  G1RegionsLargerThanCommitSizeMapper::commit_regions+0x7b  (g1RegionToSpaceMapper.cpp:100)
V  [jvm.dll+0x3c3829]  HeapRegionManager::expand_any+0xa9  (heapRegionManager.cpp:344)
V  [jvm.dll+0x3c3acb]  HeapRegionManager::expand_by+0xcb  (heapRegionManager.cpp:361)
V  [jvm.dll+0x33d037]  G1CollectedHeap::expand+0xb7  (g1CollectedHeap.cpp:1114)
V  [jvm.dll+0x33f846]  G1CollectedHeap::resize_heap_if_necessary+0x46  (g1CollectedHeap.cpp:982)
V  [jvm.dll+0x349c87]  G1ConcurrentMark::remark+0x607  (g1ConcurrentMark.cpp:1290)
V  [jvm.dll+0x38052f]  VM_G1PauseConcurrent::doit+0x1af  (g1VMOperations.cpp:179)
V  [jvm.dll+0x8d4bff]  VM_Operation::evaluate+0x10f  (vmOperations.cpp:77)
V  [jvm.dll+0x8d62c3]  VMThread::inner_execute+0x263  (vmThread.cpp:435)
V  [jvm.dll+0x8d6834]  VMThread::loop+0x264  (vmThread.cpp:502)
V  [jvm.dll+0x8d6933]  VMThread::run+0x63  (vmThread.cpp:180)
V  [jvm.dll+0x875cad]  Thread::call_run+0xcd  (thread.cpp:231)
V  [jvm.dll+0x6ebf5d]  os::win32::thread_native_entry+0x7d  (os_windows.cpp:557)
C  [ucrtbase.dll+0x2cd30]
C  [KERNEL32.DLL+0x2cd87]
C  [ntdll.dll+0xacaec]

VM_Operation (0x0000007b052ff3c0): G1PauseRemark, mode: safepoint, requested by thread 0x000001ce76dab950


---------------  P R O C E S S  ---------------

Threads class SMR info:
_java_thread_list=0x000001ce2f44a350, length=205, elements={
0x000001ce76d7a750, 0x000001ce7e6df7f0, 0x000001ce7e6e2930, 0x000001ce7e6e81d0,
0x000001ce7e6ec3e0, 0x000001ce7e6ece40, 0x000001ce7e6f7430, 0x000001ce7e6fd850,
0x000001ce7e7092a0, 0x000001ce7e70efd0, 0x000001ce7e6faa60, 0x000001ce7e6fdee0,
0x000001ce7e6fb0f0, 0x000001ce7e6fb780, 0x000001ce2a9b68f0, 0x000001ce2a9b9d70,
0x000001ce2a9b8330, 0x000001ce2a9bb120, 0x000001ce2a9b7ca0, 0x000001ce2a9bc4d0,
0x000001ce2a9bd1f0, 0x000001ce2a9bbe40, 0x000001ce2a9bb7b0, 0x000001ce2a9bcb60,
0x000001ce2a9bd880, 0x000001ce2a9bdf10, 0x000001ce2b9e2370, 0x000001ce2b9e1ce0,
0x000001ce2b9e2a00, 0x000001ce2b9e3090, 0x000001ce2b9e1650, 0x000001ce2b9e3db0,
0x000001ce2d85d4d0, 0x000001ce2acedab0, 0x000001ce2acecd90, 0x000001ce2aceee60,
0x000001ce2acee7d0, 0x000001ce2acec700, 0x000001ce2acf0210, 0x000001ce2acf08a0,
0x000001ce2aced420, 0x000001ce2acf3690, 0x000001ce2acf1c50, 0x000001ce2acf3d20,
0x000001ce2acf22e0, 0x000001ce2acf2970, 0x000001ce2acf3000, 0x000001ce2acf43b0,
0x000001ce2acf0f30, 0x000001ce2acf4a40, 0x000001ce2acf15c0, 0x000001ce2acf7830,
0x000001ce2acf50d0, 0x000001ce2acf6480, 0x000001ce2acf8550, 0x000001ce2acf6b10,
0x000001ce2acf7ec0, 0x000001ce2acf5760, 0x000001ce2acf9270, 0x000001ce2acf71a0,
0x000001ce2acf5df0, 0x000001ce2acfacb0, 0x000001ce2acfb9d0, 0x000001ce2acf9900,
0x000001ce2acf8be0, 0x000001ce2acf9f90, 0x000001ce7ec4d9c0, 0x000001ce7ec4e6e0,
0x000001ce7ec514d0, 0x000001ce7ec4fa90, 0x000001ce7ec50e40, 0x000001ce7ec507b0,
0x000001ce7ec4e050, 0x000001ce7ec51b60, 0x000001ce7ec521f0, 0x000001ce7ec4ed70,
0x000001ce7ec52880, 0x000001ce7ec4f400, 0x000001ce7ec54950, 0x000001ce7ec54fe0,
0x000001ce7ec52f10, 0x000001ce7ec53c30, 0x000001ce7ec542c0, 0x000001ce2c3e9880,
0x000001ce2c3e7e40, 0x000001ce2c3e6a90, 0x000001ce2c3e77b0, 0x000001ce2c3e7120,
0x000001ce2c3e84d0, 0x000001ce2c3ed390, 0x000001ce29659c30, 0x000001ce2965a2c0,
0x000001ce2965a950, 0x000001ce2965afe0, 0x000001ce2965b670, 0x000001ce2ad08b70,
0x000001ce2ad07e50, 0x000001ce2ad09f20, 0x000001ce2ad07130, 0x000001ce2ad09200,
0x000001ce2ad077c0, 0x000001ce2ad06aa0, 0x000001ce2ad084e0, 0x000001ce2a9b89c0,
0x000001ce2a9b6f80, 0x000001ce2a9baa90, 0x000001ce2a9b9050, 0x000001ce2a9b96e0,
0x000001ce2a9b7610, 0x000001ce7e6fc4a0, 0x000001ce7e6fcb30, 0x000001ce7e6fd1c0,
0x000001ce2b578e70, 0x000001ce2b579500, 0x000001ce2b579b90, 0x000001ce2b577ac0,
0x000001ce2b576da0, 0x000001ce2b57a220, 0x000001ce2b57a8b0, 0x000001ce2b578150,
0x000001ce2b577430, 0x000001ce2b57b5d0, 0x000001ce2b57af40, 0x000001ce2b57bc60,
0x000001ce2b5787e0, 0x000001ce2b57ea50, 0x000001ce2b57d6a0, 0x000001ce2b57c980,
0x000001ce2b57f770, 0x000001ce2b57c2f0, 0x000001ce2b57fe00, 0x000001ce2b580490,
0x000001ce2b57d010, 0x000001ce2b57dd30, 0x000001ce2b581840, 0x000001ce2b57e3c0,
0x000001ce2b580b20, 0x000001ce2b582560, 0x000001ce2b582bf0, 0x000001ce2b583910,
0x000001ce2b583fa0, 0x000001ce2b584630, 0x000001ce2b583280, 0x000001ce2b5811b0,
0x000001ce2b584cc0, 0x000001ce2b585350, 0x000001ce2b5859e0, 0x000001ce2d85e1f0,
0x000001ce2d85db60, 0x000001ce2d85ad70, 0x000001ce2d85ef10, 0x000001ce2d85ba90,
0x000001ce2d85f5a0, 0x000001ce2d85c120, 0x000001ce2d85fc30, 0x000001ce2d8602c0,
0x000001ce2d85ce40, 0x000001ce2d861670, 0x000001ce2d860950, 0x000001ce2d862390,
0x000001ce2b4d8420, 0x000001ce2b4d5630, 0x000001ce2b4db210, 0x000001ce2b4d7d90,
0x000001ce2b4dbf30, 0x000001ce2b9e02a0, 0x000001ce2b9e0930, 0x000001ce2b9e0fc0,
0x000001ce2b9e6510, 0x000001ce2b9e57f0, 0x000001ce2b9e5e80, 0x000001ce2b9e7230,
0x000001ce2b9e78c0, 0x000001ce2c3ec670, 0x000001ce2c3e9f10, 0x000001ce2c3ea5a0,
0x000001ce2965c390, 0x000001ce2965ca20, 0x000001ce2965d0b0, 0x000001ce35473550,
0x000001ce35470df0, 0x000001ce354721a0, 0x000001ce35471480, 0x000001ce354700d0,
0x000001ce35473be0, 0x000001ce35471b10, 0x000001ce35472ec0, 0x000001ce35470760,
0x000001ce2e0d0fd0, 0x000001ce35477060, 0x000001ce3547dff0, 0x000001ce3547bf20,
0x000001ce3547c5b0, 0x000001ce35475620, 0x000001ce35474270, 0x000001ce35472830,
0x000001ce35476340, 0x000001ce35475cb0, 0x000001ce35474900, 0x000001ce354776f0,
0x000001ce35477d80, 0x000001ce354797c0, 0x000001ce35478aa0, 0x000001ce35479130,
0x000001ce35479e50
}

Java Threads: ( => current thread )
  0x000001ce76d7a750 JavaThread "main"                              [_thread_blocked, id=21580, stack(0x0000007b05000000,0x0000007b05100000) (1024K)]
  0x000001ce7e6df7f0 JavaThread "Common-Cleaner"             daemon [_thread_blocked, id=14140, stack(0x0000007b05800000,0x0000007b05900000) (1024K)]
  0x000001ce7e6e2930 JavaThread "Reference Handler"          daemon [_thread_blocked, id=19884, stack(0x0000007b05900000,0x0000007b05a00000) (1024K)]
  0x000001ce7e6e81d0 JavaThread "Finalizer"                  daemon [_thread_blocked, id=8612, stack(0x0000007b05a00000,0x0000007b05b00000) (1024K)]
  0x000001ce7e6ec3e0 JavaThread "Signal Dispatcher"          daemon [_thread_blocked, id=14760, stack(0x0000007b05b00000,0x0000007b05c00000) (1024K)]
  0x000001ce7e6ece40 JavaThread "Attach Listener"            daemon [_thread_blocked, id=6244, stack(0x0000007b05c00000,0x0000007b05d00000) (1024K)]
  0x000001ce7e6f7430 JavaThread "Service Thread"             daemon [_thread_blocked, id=14804, stack(0x0000007b05d00000,0x0000007b05e00000) (1024K)]
  0x000001ce7e6fd850 JavaThread "Monitor Deflation Thread"   daemon [_thread_blocked, id=15564, stack(0x0000007b05e00000,0x0000007b05f00000) (1024K)]
  0x000001ce7e7092a0 JavaThread "C2 CompilerThread0"         daemon [_thread_blocked, id=17468, stack(0x0000007b05f00000,0x0000007b06000000) (1024K)]
  0x000001ce7e70efd0 JavaThread "C1 CompilerThread0"         daemon [_thread_blocked, id=12156, stack(0x0000007b06000000,0x0000007b06100000) (1024K)]
  0x000001ce7e6faa60 JavaThread "Notification Thread"        daemon [_thread_blocked, id=4388, stack(0x0000007b06100000,0x0000007b06200000) (1024K)]
  0x000001ce7e6fdee0 JavaThread "Daemon health stats"               [_thread_blocked, id=13432, stack(0x0000007b06800000,0x0000007b06900000) (1024K)]
  0x000001ce7e6fb0f0 JavaThread "Incoming local TCP Connector on port 55914"        [_thread_in_native, id=21932, stack(0x0000007b06900000,0x0000007b06a00000) (1024K)]
  0x000001ce7e6fb780 JavaThread "Daemon periodic checks"            [_thread_blocked, id=22080, stack(0x0000007b06a00000,0x0000007b06b00000) (1024K)]
  0x000001ce2a9b68f0 JavaThread "Cache worker for journal cache (C:\Users\ismail\.gradle\caches\journal-1)"        [_thread_blocked, id=13488, stack(0x0000007b07600000,0x0000007b07700000) (1024K)]
  0x000001ce2a9b9d70 JavaThread "File lock request listener"        [_thread_in_native, id=10392, stack(0x0000007b07700000,0x0000007b07800000) (1024K)]
  0x000001ce2a9b8330 JavaThread "Cache worker for file hash cache (C:\Users\ismail\.gradle\caches\8.14.3\fileHashes)"        [_thread_blocked, id=8556, stack(0x0000007b07800000,0x0000007b07900000) (1024K)]
  0x000001ce2a9bb120 JavaThread "File watcher server"        daemon [_thread_blocked, id=14740, stack(0x0000007b07d00000,0x0000007b07e00000) (1024K)]
  0x000001ce2a9b7ca0 JavaThread "File watcher consumer"      daemon [_thread_blocked, id=11928, stack(0x0000007b07e00000,0x0000007b07f00000) (1024K)]
  0x000001ce2a9bc4d0 JavaThread "jar transforms"                    [_thread_blocked, id=5360, stack(0x0000007b07f00000,0x0000007b08000000) (1024K)]
  0x000001ce2a9bd1f0 JavaThread "jar transforms Thread 2"           [_thread_blocked, id=3776, stack(0x0000007b08000000,0x0000007b08100000) (1024K)]
  0x000001ce2a9bbe40 JavaThread "jar transforms Thread 3"           [_thread_blocked, id=11564, stack(0x0000007b08100000,0x0000007b08200000) (1024K)]
  0x000001ce2a9bb7b0 JavaThread "jar transforms Thread 4"           [_thread_blocked, id=20632, stack(0x0000007b08200000,0x0000007b08300000) (1024K)]
  0x000001ce2a9bcb60 JavaThread "jar transforms Thread 5"           [_thread_blocked, id=8220, stack(0x0000007b08300000,0x0000007b08400000) (1024K)]
  0x000001ce2a9bd880 JavaThread "jar transforms Thread 6"           [_thread_blocked, id=18572, stack(0x0000007b08400000,0x0000007b08500000) (1024K)]
  0x000001ce2a9bdf10 JavaThread "jar transforms Thread 7"           [_thread_blocked, id=7720, stack(0x0000007b08500000,0x0000007b08600000) (1024K)]
  0x000001ce2b9e2370 JavaThread "jar transforms Thread 8"           [_thread_blocked, id=20696, stack(0x0000007b08600000,0x0000007b08700000) (1024K)]
  0x000001ce2b9e1ce0 JavaThread "jar transforms Thread 9"           [_thread_blocked, id=20776, stack(0x0000007b08700000,0x0000007b08800000) (1024K)]
  0x000001ce2b9e2a00 JavaThread "jar transforms Thread 10"          [_thread_blocked, id=15364, stack(0x0000007b08800000,0x0000007b08900000) (1024K)]
  0x000001ce2b9e3090 JavaThread "jar transforms Thread 11"          [_thread_blocked, id=9492, stack(0x0000007b08900000,0x0000007b08a00000) (1024K)]
  0x000001ce2b9e1650 JavaThread "jar transforms Thread 12"          [_thread_blocked, id=15216, stack(0x0000007b08a00000,0x0000007b08b00000) (1024K)]
  0x000001ce2b9e3db0 JavaThread "Cache worker for file content cache (C:\Users\ismail\.gradle\caches\8.14.3\fileContent)"        [_thread_blocked, id=7760, stack(0x0000007b08c00000,0x0000007b08d00000) (1024K)]
  0x000001ce2d85d4d0 JavaThread "Memory manager"                    [_thread_blocked, id=12272, stack(0x0000007b0ca00000,0x0000007b0cb00000) (1024K)]
  0x000001ce2acedab0 JavaThread "Daemon Thread 2"                   [_thread_blocked, id=16968, stack(0x0000007b04e00000,0x0000007b04f00000) (1024K)]
  0x000001ce2acecd90 JavaThread "Handler for socket connection from /127.0.0.1:55914 to /127.0.0.1:49673"        [_thread_in_native, id=18752, stack(0x0000007b04f00000,0x0000007b05000000) (1024K)]
  0x000001ce2aceee60 JavaThread "Cancel handler"                    [_thread_blocked, id=5308, stack(0x0000007b06200000,0x0000007b06300000) (1024K)]
  0x000001ce2acee7d0 JavaThread "Daemon worker Thread 2"            [_thread_blocked, id=17272, stack(0x0000007b06b00000,0x0000007b06c00000) (1024K)]
  0x000001ce2acec700 JavaThread "Asynchronous log dispatcher for DefaultDaemonConnection: socket connection from /127.0.0.1:55914 to /127.0.0.1:49673"        [_thread_blocked, id=19840, stack(0x0000007b06c00000,0x0000007b06d00000) (1024K)]
  0x000001ce2acf0210 JavaThread "Stdin handler"                     [_thread_blocked, id=15940, stack(0x0000007b06d00000,0x0000007b06e00000) (1024K)]
  0x000001ce2acf08a0 JavaThread "Daemon client event forwarder"        [_thread_blocked, id=3448, stack(0x0000007b06e00000,0x0000007b06f00000) (1024K)]
  0x000001ce2aced420 JavaThread "Cache worker for file hash cache (D:\Projects\lunacoreos\lunacoreos-android\.gradle\8.14.3\fileHashes)"        [_thread_blocked, id=21732, stack(0x0000007b06f00000,0x0000007b07000000) (1024K)]
  0x000001ce2acf3690 JavaThread "Cache worker for Build Output Cleanup Cache (D:\Projects\lunacoreos\lunacoreos-android\.gradle\buildOutputCleanup)"        [_thread_blocked, id=17476, stack(0x0000007b07000000,0x0000007b07100000) (1024K)]
  0x000001ce2acf1c50 JavaThread "Cache worker for checksums cache (D:\Projects\lunacoreos\lunacoreos-android\.gradle\8.14.3\checksums)"        [_thread_blocked, id=3520, stack(0x0000007b07900000,0x0000007b07a00000) (1024K)]
  0x000001ce2acf3d20 JavaThread "Cache worker for cache directory md-supplier (C:\Users\ismail\.gradle\caches\8.14.3\md-supplier)"        [_thread_blocked, id=2540, stack(0x0000007b07a00000,0x0000007b07b00000) (1024K)]
  0x000001ce2acf22e0 JavaThread "Cache worker for cache directory md-rule (C:\Users\ismail\.gradle\caches\8.14.3\md-rule)"        [_thread_blocked, id=6924, stack(0x0000007b08b00000,0x0000007b08c00000) (1024K)]
  0x000001ce2acf2970 JavaThread "Unconstrained build operations"        [_thread_blocked, id=17260, stack(0x0000007b08d00000,0x0000007b08e00000) (1024K)]
  0x000001ce2acf3000 JavaThread "Unconstrained build operations Thread 2"        [_thread_blocked, id=12912, stack(0x0000007b08e00000,0x0000007b08f00000) (1024K)]
  0x000001ce2acf43b0 JavaThread "Unconstrained build operations Thread 3"        [_thread_blocked, id=5744, stack(0x0000007b08f00000,0x0000007b09000000) (1024K)]
  0x000001ce2acf0f30 JavaThread "Unconstrained build operations Thread 4"        [_thread_blocked, id=17608, stack(0x0000007b09000000,0x0000007b09100000) (1024K)]
  0x000001ce2acf4a40 JavaThread "Unconstrained build operations Thread 5"        [_thread_blocked, id=19388, stack(0x0000007b09100000,0x0000007b09200000) (1024K)]
  0x000001ce2acf15c0 JavaThread "Unconstrained build operations Thread 6"        [_thread_blocked, id=2036, stack(0x0000007b09200000,0x0000007b09300000) (1024K)]
  0x000001ce2acf7830 JavaThread "Unconstrained build operations Thread 7"        [_thread_blocked, id=19036, stack(0x0000007b09300000,0x0000007b09400000) (1024K)]
  0x000001ce2acf50d0 JavaThread "Unconstrained build operations Thread 8"        [_thread_blocked, id=8728, stack(0x0000007b09400000,0x0000007b09500000) (1024K)]
  0x000001ce2acf6480 JavaThread "Unconstrained build operations Thread 9"        [_thread_blocked, id=18308, stack(0x0000007b09500000,0x0000007b09600000) (1024K)]
  0x000001ce2acf8550 JavaThread "Unconstrained build operations Thread 10"        [_thread_blocked, id=16460, stack(0x0000007b09600000,0x0000007b09700000) (1024K)]
  0x000001ce2acf6b10 JavaThread "Unconstrained build operations Thread 11"        [_thread_blocked, id=15388, stack(0x0000007b09700000,0x0000007b09800000) (1024K)]
  0x000001ce2acf7ec0 JavaThread "Unconstrained build operations Thread 12"        [_thread_blocked, id=3496, stack(0x0000007b09800000,0x0000007b09900000) (1024K)]
  0x000001ce2acf5760 JavaThread "Unconstrained build operations Thread 13"        [_thread_blocked, id=8952, stack(0x0000007b09900000,0x0000007b09a00000) (1024K)]
  0x000001ce2acf9270 JavaThread "Unconstrained build operations Thread 14"        [_thread_blocked, id=3544, stack(0x0000007b09a00000,0x0000007b09b00000) (1024K)]
  0x000001ce2acf71a0 JavaThread "Unconstrained build operations Thread 15"        [_thread_blocked, id=18812, stack(0x0000007b09b00000,0x0000007b09c00000) (1024K)]
  0x000001ce2acf5df0 JavaThread "Unconstrained build operations Thread 16"        [_thread_blocked, id=8304, stack(0x0000007b09c00000,0x0000007b09d00000) (1024K)]
  0x000001ce2acfacb0 JavaThread "Unconstrained build operations Thread 17"        [_thread_blocked, id=21180, stack(0x0000007b09d00000,0x0000007b09e00000) (1024K)]
  0x000001ce2acfb9d0 JavaThread "Unconstrained build operations Thread 18"        [_thread_blocked, id=5688, stack(0x0000007b09e00000,0x0000007b09f00000) (1024K)]
  0x000001ce2acf9900 JavaThread "Unconstrained build operations Thread 19"        [_thread_blocked, id=17148, stack(0x0000007b09f00000,0x0000007b0a000000) (1024K)]
  0x000001ce2acf8be0 JavaThread "Unconstrained build operations Thread 20"        [_thread_blocked, id=10296, stack(0x0000007b0a000000,0x0000007b0a100000) (1024K)]
  0x000001ce2acf9f90 JavaThread "Unconstrained build operations Thread 21"        [_thread_blocked, id=19460, stack(0x0000007b0a100000,0x0000007b0a200000) (1024K)]
  0x000001ce7ec4d9c0 JavaThread "Unconstrained build operations Thread 22"        [_thread_blocked, id=22320, stack(0x0000007b0a200000,0x0000007b0a300000) (1024K)]
  0x000001ce7ec4e6e0 JavaThread "Unconstrained build operations Thread 23"        [_thread_blocked, id=4688, stack(0x0000007b0a300000,0x0000007b0a400000) (1024K)]
  0x000001ce7ec514d0 JavaThread "Unconstrained build operations Thread 24"        [_thread_blocked, id=22064, stack(0x0000007b0a400000,0x0000007b0a500000) (1024K)]
  0x000001ce7ec4fa90 JavaThread "Unconstrained build operations Thread 25"        [_thread_blocked, id=14596, stack(0x0000007b0a500000,0x0000007b0a600000) (1024K)]
  0x000001ce7ec50e40 JavaThread "Unconstrained build operations Thread 26"        [_thread_blocked, id=4268, stack(0x0000007b0a600000,0x0000007b0a700000) (1024K)]
  0x000001ce7ec507b0 JavaThread "Unconstrained build operations Thread 27"        [_thread_blocked, id=7892, stack(0x0000007b0a700000,0x0000007b0a800000) (1024K)]
  0x000001ce7ec4e050 JavaThread "Unconstrained build operations Thread 28"        [_thread_blocked, id=12112, stack(0x0000007b0a800000,0x0000007b0a900000) (1024K)]
  0x000001ce7ec51b60 JavaThread "Unconstrained build operations Thread 29"        [_thread_blocked, id=17612, stack(0x0000007b0a900000,0x0000007b0aa00000) (1024K)]
  0x000001ce7ec521f0 JavaThread "Unconstrained build operations Thread 30"        [_thread_blocked, id=16696, stack(0x0000007b0aa00000,0x0000007b0ab00000) (1024K)]
  0x000001ce7ec4ed70 JavaThread "Unconstrained build operations Thread 31"        [_thread_blocked, id=3700, stack(0x0000007b0ab00000,0x0000007b0ac00000) (1024K)]
  0x000001ce7ec52880 JavaThread "Unconstrained build operations Thread 32"        [_thread_blocked, id=9800, stack(0x0000007b0ac00000,0x0000007b0ad00000) (1024K)]
  0x000001ce7ec4f400 JavaThread "Unconstrained build operations Thread 33"        [_thread_blocked, id=18096, stack(0x0000007b0ad00000,0x0000007b0ae00000) (1024K)]
  0x000001ce7ec54950 JavaThread "Unconstrained build operations Thread 34"        [_thread_blocked, id=17228, stack(0x0000007b0af00000,0x0000007b0b000000) (1024K)]
  0x000001ce7ec54fe0 JavaThread "Unconstrained build operations Thread 35"        [_thread_blocked, id=15316, stack(0x0000007b0b000000,0x0000007b0b100000) (1024K)]
  0x000001ce7ec52f10 JavaThread "Unconstrained build operations Thread 36"        [_thread_blocked, id=18260, stack(0x0000007b0b100000,0x0000007b0b200000) (1024K)]
  0x000001ce7ec53c30 JavaThread "Unconstrained build operations Thread 37"        [_thread_blocked, id=6524, stack(0x0000007b0b200000,0x0000007b0b300000) (1024K)]
  0x000001ce7ec542c0 JavaThread "Unconstrained build operations Thread 38"        [_thread_blocked, id=17880, stack(0x0000007b0b300000,0x0000007b0b400000) (1024K)]
  0x000001ce2c3e9880 JavaThread "Unconstrained build operations Thread 39"        [_thread_blocked, id=12760, stack(0x0000007b0b400000,0x0000007b0b500000) (1024K)]
  0x000001ce2c3e7e40 JavaThread "Unconstrained build operations Thread 40"        [_thread_blocked, id=9336, stack(0x0000007b0b500000,0x0000007b0b600000) (1024K)]
  0x000001ce2c3e6a90 JavaThread "Unconstrained build operations Thread 41"        [_thread_blocked, id=2680, stack(0x0000007b0b600000,0x0000007b0b700000) (1024K)]
  0x000001ce2c3e77b0 JavaThread "Unconstrained build operations Thread 42"        [_thread_blocked, id=11024, stack(0x0000007b0b700000,0x0000007b0b800000) (1024K)]
  0x000001ce2c3e7120 JavaThread "Unconstrained build operations Thread 43"        [_thread_blocked, id=7676, stack(0x0000007b0b800000,0x0000007b0b900000) (1024K)]
  0x000001ce2c3e84d0 JavaThread "Unconstrained build operations Thread 44"        [_thread_blocked, id=8888, stack(0x0000007b0b900000,0x0000007b0ba00000) (1024K)]
  0x000001ce2c3ed390 JavaThread "build event listener"              [_thread_blocked, id=4224, stack(0x0000007b0ba00000,0x0000007b0bb00000) (1024K)]
  0x000001ce29659c30 JavaThread "included builds"                   [_thread_blocked, id=17640, stack(0x0000007b0bb00000,0x0000007b0bc00000) (1024K)]
  0x000001ce2965a2c0 JavaThread "Execution worker"                  [_thread_blocked, id=6676, stack(0x0000007b0bc00000,0x0000007b0bd00000) (1024K)]
  0x000001ce2965a950 JavaThread "Execution worker Thread 2"         [_thread_blocked, id=18424, stack(0x0000007b0bd00000,0x0000007b0be00000) (1024K)]
  0x000001ce2965afe0 JavaThread "Execution worker Thread 3"         [_thread_blocked, id=10160, stack(0x0000007b0be00000,0x0000007b0bf00000) (1024K)]
  0x000001ce2965b670 JavaThread "Execution worker Thread 4"         [_thread_blocked, id=12416, stack(0x0000007b0bf00000,0x0000007b0c000000) (1024K)]
  0x000001ce2ad08b70 JavaThread "Execution worker Thread 5"         [_thread_blocked, id=6152, stack(0x0000007b0c000000,0x0000007b0c100000) (1024K)]
  0x000001ce2ad07e50 JavaThread "Execution worker Thread 6"         [_thread_blocked, id=22300, stack(0x0000007b0c100000,0x0000007b0c200000) (1024K)]
  0x000001ce2ad09f20 JavaThread "Execution worker Thread 7"         [_thread_blocked, id=14248, stack(0x0000007b0c200000,0x0000007b0c300000) (1024K)]
  0x000001ce2ad07130 JavaThread "Execution worker Thread 8"         [_thread_blocked, id=12892, stack(0x0000007b0c300000,0x0000007b0c400000) (1024K)]
  0x000001ce2ad09200 JavaThread "Execution worker Thread 9"         [_thread_blocked, id=4984, stack(0x0000007b0c400000,0x0000007b0c500000) (1024K)]
  0x000001ce2ad077c0 JavaThread "Execution worker Thread 10"        [_thread_blocked, id=8680, stack(0x0000007b0c500000,0x0000007b0c600000) (1024K)]
  0x000001ce2ad06aa0 JavaThread "Execution worker Thread 11"        [_thread_blocked, id=20264, stack(0x0000007b0c600000,0x0000007b0c700000) (1024K)]
  0x000001ce2ad084e0 JavaThread "Cache worker for execution history cache (D:\Projects\lunacoreos\lunacoreos-android\.gradle\8.14.3\executionHistory)"        [_thread_blocked, id=21176, stack(0x0000007b0c700000,0x0000007b0c800000) (1024K)]
  0x000001ce2a9b89c0 JavaThread "WorkerExecutor Queue"              [_thread_blocked, id=11140, stack(0x0000007b0c800000,0x0000007b0c900000) (1024K)]
  0x000001ce2a9b6f80 JavaThread "Unconstrained build operations Thread 45"        [_thread_blocked, id=21396, stack(0x0000007b0c900000,0x0000007b0ca00000) (1024K)]
  0x000001ce2a9baa90 JavaThread "Unconstrained build operations Thread 46"        [_thread_blocked, id=22132, stack(0x0000007b0cb00000,0x0000007b0cc00000) (1024K)]
  0x000001ce2a9b9050 JavaThread "Unconstrained build operations Thread 47"        [_thread_blocked, id=22284, stack(0x0000007b0cc00000,0x0000007b0cd00000) (1024K)]
  0x000001ce2a9b96e0 JavaThread "Unconstrained build operations Thread 48"        [_thread_blocked, id=14960, stack(0x0000007b0cd00000,0x0000007b0ce00000) (1024K)]
  0x000001ce2a9b7610 JavaThread "Unconstrained build operations Thread 49"        [_thread_blocked, id=21908, stack(0x0000007b0ce00000,0x0000007b0cf00000) (1024K)]
  0x000001ce7e6fc4a0 JavaThread "Unconstrained build operations Thread 50"        [_thread_blocked, id=19416, stack(0x0000007b0cf00000,0x0000007b0d000000) (1024K)]
  0x000001ce7e6fcb30 JavaThread "Unconstrained build operations Thread 51"        [_thread_blocked, id=5380, stack(0x0000007b0d000000,0x0000007b0d100000) (1024K)]
  0x000001ce7e6fd1c0 JavaThread "Unconstrained build operations Thread 52"        [_thread_blocked, id=7780, stack(0x0000007b0d100000,0x0000007b0d200000) (1024K)]
  0x000001ce2b578e70 JavaThread "Unconstrained build operations Thread 53"        [_thread_blocked, id=22192, stack(0x0000007b0d200000,0x0000007b0d300000) (1024K)]
  0x000001ce2b579500 JavaThread "Unconstrained build operations Thread 54"        [_thread_blocked, id=15312, stack(0x0000007b0d300000,0x0000007b0d400000) (1024K)]
  0x000001ce2b579b90 JavaThread "Unconstrained build operations Thread 55"        [_thread_blocked, id=10096, stack(0x0000007b0d400000,0x0000007b0d500000) (1024K)]
  0x000001ce2b577ac0 JavaThread "WorkerExecutor Queue Thread 2"        [_thread_blocked, id=19524, stack(0x0000007b0d500000,0x0000007b0d600000) (1024K)]
  0x000001ce2b576da0 JavaThread "Unconstrained build operations Thread 56"        [_thread_blocked, id=7744, stack(0x0000007b0d600000,0x0000007b0d700000) (1024K)]
  0x000001ce2b57a220 JavaThread "Unconstrained build operations Thread 57"        [_thread_blocked, id=12684, stack(0x0000007b0d700000,0x0000007b0d800000) (1024K)]
  0x000001ce2b57a8b0 JavaThread "Unconstrained build operations Thread 58"        [_thread_blocked, id=8380, stack(0x0000007b0d800000,0x0000007b0d900000) (1024K)]
  0x000001ce2b578150 JavaThread "Unconstrained build operations Thread 59"        [_thread_blocked, id=6252, stack(0x0000007b0d900000,0x0000007b0da00000) (1024K)]
  0x000001ce2b577430 JavaThread "Unconstrained build operations Thread 60"        [_thread_blocked, id=18748, stack(0x0000007b0da00000,0x0000007b0db00000) (1024K)]
  0x000001ce2b57b5d0 JavaThread "Unconstrained build operations Thread 61"        [_thread_blocked, id=13484, stack(0x0000007b0db00000,0x0000007b0dc00000) (1024K)]
  0x000001ce2b57af40 JavaThread "Unconstrained build operations Thread 62"        [_thread_blocked, id=1388, stack(0x0000007b0dc00000,0x0000007b0dd00000) (1024K)]
  0x000001ce2b57bc60 JavaThread "Unconstrained build operations Thread 63"        [_thread_blocked, id=11520, stack(0x0000007b0dd00000,0x0000007b0de00000) (1024K)]
  0x000001ce2b5787e0 JavaThread "Unconstrained build operations Thread 64"        [_thread_blocked, id=10476, stack(0x0000007b0de00000,0x0000007b0df00000) (1024K)]
  0x000001ce2b57ea50 JavaThread "Unconstrained build operations Thread 65"        [_thread_blocked, id=11880, stack(0x0000007b0df00000,0x0000007b0e000000) (1024K)]
  0x000001ce2b57d6a0 JavaThread "Unconstrained build operations Thread 66"        [_thread_blocked, id=15336, stack(0x0000007b0e000000,0x0000007b0e100000) (1024K)]
  0x000001ce2b57c980 JavaThread "Unconstrained build operations Thread 67"        [_thread_blocked, id=4980, stack(0x0000007b0e100000,0x0000007b0e200000) (1024K)]
  0x000001ce2b57f770 JavaThread "WorkerExecutor Queue Thread 3"        [_thread_blocked, id=1780, stack(0x0000007b0e200000,0x0000007b0e300000) (1024K)]
  0x000001ce2b57c2f0 JavaThread "Unconstrained build operations Thread 68"        [_thread_blocked, id=1084, stack(0x0000007b0e300000,0x0000007b0e400000) (1024K)]
  0x000001ce2b57fe00 JavaThread "Unconstrained build operations Thread 69"        [_thread_blocked, id=13200, stack(0x0000007b0e400000,0x0000007b0e500000) (1024K)]
  0x000001ce2b580490 JavaThread "Unconstrained build operations Thread 70"        [_thread_blocked, id=14396, stack(0x0000007b0e500000,0x0000007b0e600000) (1024K)]
  0x000001ce2b57d010 JavaThread "Unconstrained build operations Thread 71"        [_thread_blocked, id=20108, stack(0x0000007b0e600000,0x0000007b0e700000) (1024K)]
  0x000001ce2b57dd30 JavaThread "Unconstrained build operations Thread 72"        [_thread_blocked, id=12632, stack(0x0000007b0e700000,0x0000007b0e800000) (1024K)]
  0x000001ce2b581840 JavaThread "Unconstrained build operations Thread 73"        [_thread_blocked, id=10880, stack(0x0000007b0e800000,0x0000007b0e900000) (1024K)]
  0x000001ce2b57e3c0 JavaThread "Unconstrained build operations Thread 74"        [_thread_blocked, id=2168, stack(0x0000007b0e900000,0x0000007b0ea00000) (1024K)]
  0x000001ce2b580b20 JavaThread "Unconstrained build operations Thread 75"        [_thread_blocked, id=21960, stack(0x0000007b0ea00000,0x0000007b0eb00000) (1024K)]
  0x000001ce2b582560 JavaThread "Unconstrained build operations Thread 76"        [_thread_blocked, id=7324, stack(0x0000007b0eb00000,0x0000007b0ec00000) (1024K)]
  0x000001ce2b582bf0 JavaThread "Unconstrained build operations Thread 77"        [_thread_blocked, id=7584, stack(0x0000007b0ec00000,0x0000007b0ed00000) (1024K)]
  0x000001ce2b583910 JavaThread "Unconstrained build operations Thread 78"        [_thread_blocked, id=22280, stack(0x0000007b0ed00000,0x0000007b0ee00000) (1024K)]
  0x000001ce2b583fa0 JavaThread "Unconstrained build operations Thread 79"        [_thread_blocked, id=8736, stack(0x0000007b0ee00000,0x0000007b0ef00000) (1024K)]
  0x000001ce2b584630 JavaThread "Unconstrained build operations Thread 80"        [_thread_blocked, id=22068, stack(0x0000007b0ef00000,0x0000007b0f000000) (1024K)]
  0x000001ce2b583280 JavaThread "Unconstrained build operations Thread 81"        [_thread_blocked, id=10912, stack(0x0000007b0f000000,0x0000007b0f100000) (1024K)]
  0x000001ce2b5811b0 JavaThread "Unconstrained build operations Thread 82"        [_thread_blocked, id=17368, stack(0x0000007b0f100000,0x0000007b0f200000) (1024K)]
  0x000001ce2b584cc0 JavaThread "Unconstrained build operations Thread 83"        [_thread_blocked, id=14816, stack(0x0000007b0f200000,0x0000007b0f300000) (1024K)]
  0x000001ce2b585350 JavaThread "Unconstrained build operations Thread 84"        [_thread_blocked, id=10868, stack(0x0000007b0f300000,0x0000007b0f400000) (1024K)]
  0x000001ce2b5859e0 JavaThread "Unconstrained build operations Thread 85"        [_thread_blocked, id=18788, stack(0x0000007b0f400000,0x0000007b0f500000) (1024K)]
  0x000001ce2d85e1f0 JavaThread "Unconstrained build operations Thread 86"        [_thread_blocked, id=20484, stack(0x0000007b0f500000,0x0000007b0f600000) (1024K)]
  0x000001ce2d85db60 JavaThread "Unconstrained build operations Thread 87"        [_thread_blocked, id=6384, stack(0x0000007b0f600000,0x0000007b0f700000) (1024K)]
  0x000001ce2d85ad70 JavaThread "Unconstrained build operations Thread 88"        [_thread_blocked, id=2716, stack(0x0000007b0f700000,0x0000007b0f800000) (1024K)]
  0x000001ce2d85ef10 JavaThread "Unconstrained build operations Thread 89"        [_thread_blocked, id=13880, stack(0x0000007b0f800000,0x0000007b0f900000) (1024K)]
  0x000001ce2d85ba90 JavaThread "Unconstrained build operations Thread 90"        [_thread_blocked, id=11240, stack(0x0000007b0f900000,0x0000007b0fa00000) (1024K)]
  0x000001ce2d85f5a0 JavaThread "Unconstrained build operations Thread 91"        [_thread_blocked, id=22164, stack(0x0000007b0fa00000,0x0000007b0fb00000) (1024K)]
  0x000001ce2d85c120 JavaThread "Unconstrained build operations Thread 92"        [_thread_blocked, id=4008, stack(0x0000007b0fb00000,0x0000007b0fc00000) (1024K)]
  0x000001ce2d85fc30 JavaThread "Unconstrained build operations Thread 93"        [_thread_blocked, id=16248, stack(0x0000007b0fc00000,0x0000007b0fd00000) (1024K)]
  0x000001ce2d8602c0 JavaThread "Unconstrained build operations Thread 94"        [_thread_blocked, id=20636, stack(0x0000007b0fd00000,0x0000007b0fe00000) (1024K)]
  0x000001ce2d85ce40 JavaThread "Unconstrained build operations Thread 95"        [_thread_blocked, id=20036, stack(0x0000007b0fe00000,0x0000007b0ff00000) (1024K)]
  0x000001ce2d861670 JavaThread "Unconstrained build operations Thread 96"        [_thread_blocked, id=5464, stack(0x0000007b0ff00000,0x0000007b10000000) (1024K)]
  0x000001ce2d860950 JavaThread "Unconstrained build operations Thread 97"        [_thread_blocked, id=1804, stack(0x0000007b10000000,0x0000007b10100000) (1024K)]
  0x000001ce2d862390 JavaThread "Unconstrained build operations Thread 98"        [_thread_blocked, id=17216, stack(0x0000007b10100000,0x0000007b10200000) (1024K)]
  0x000001ce2b4d8420 JavaThread "Unconstrained build operations Thread 99"        [_thread_blocked, id=22056, stack(0x0000007b10200000,0x0000007b10300000) (1024K)]
  0x000001ce2b4d5630 JavaThread "Unconstrained build operations Thread 100"        [_thread_blocked, id=18504, stack(0x0000007b10300000,0x0000007b10400000) (1024K)]
  0x000001ce2b4db210 JavaThread "WorkerExecutor Queue Thread 4"        [_thread_blocked, id=2824, stack(0x0000007b07100000,0x0000007b07200000) (1024K)]
  0x000001ce2b4d7d90 JavaThread "WorkerExecutor Queue Thread 5"        [_thread_blocked, id=16672, stack(0x0000007b0ae00000,0x0000007b0af00000) (1024K)]
  0x000001ce2b4dbf30 JavaThread "Unconstrained build operations Thread 101"        [_thread_blocked, id=17800, stack(0x0000007b10400000,0x0000007b10500000) (1024K)]
  0x000001ce2b9e02a0 JavaThread "Unconstrained build operations Thread 102"        [_thread_blocked, id=16856, stack(0x0000007b10500000,0x0000007b10600000) (1024K)]
  0x000001ce2b9e0930 JavaThread "Unconstrained build operations Thread 103"        [_thread_blocked, id=8280, stack(0x0000007b10600000,0x0000007b10700000) (1024K)]
  0x000001ce2b9e0fc0 JavaThread "Unconstrained build operations Thread 104"        [_thread_blocked, id=19740, stack(0x0000007b10700000,0x0000007b10800000) (1024K)]
  0x000001ce2b9e6510 JavaThread "Unconstrained build operations Thread 105"        [_thread_blocked, id=3260, stack(0x0000007b10800000,0x0000007b10900000) (1024K)]
  0x000001ce2b9e57f0 JavaThread "Unconstrained build operations Thread 106"        [_thread_blocked, id=18296, stack(0x0000007b10900000,0x0000007b10a00000) (1024K)]
  0x000001ce2b9e5e80 JavaThread "Unconstrained build operations Thread 107"        [_thread_blocked, id=15220, stack(0x0000007b10a00000,0x0000007b10b00000) (1024K)]
  0x000001ce2b9e7230 JavaThread "Unconstrained build operations Thread 108"        [_thread_blocked, id=21148, stack(0x0000007b10b00000,0x0000007b10c00000) (1024K)]
  0x000001ce2b9e78c0 JavaThread "Unconstrained build operations Thread 109"        [_thread_blocked, id=21944, stack(0x0000007b10c00000,0x0000007b10d00000) (1024K)]
  0x000001ce2c3ec670 JavaThread "Unconstrained build operations Thread 110"        [_thread_blocked, id=11312, stack(0x0000007b10d00000,0x0000007b10e00000) (1024K)]
  0x000001ce2c3e9f10 JavaThread "Unconstrained build operations Thread 111"        [_thread_blocked, id=5452, stack(0x0000007b10e00000,0x0000007b10f00000) (1024K)]
  0x000001ce2c3ea5a0 JavaThread "WorkerExecutor Queue Thread 6"        [_thread_blocked, id=21120, stack(0x0000007b10f00000,0x0000007b11000000) (1024K)]
  0x000001ce2965c390 JavaThread "WorkerExecutor Queue Thread 7"        [_thread_blocked, id=14472, stack(0x0000007b11000000,0x0000007b11100000) (1024K)]
  0x000001ce2965ca20 JavaThread "Unconstrained build operations Thread 112"        [_thread_blocked, id=17192, stack(0x0000007b11100000,0x0000007b11200000) (1024K)]
  0x000001ce2965d0b0 JavaThread "Unconstrained build operations Thread 113"        [_thread_blocked, id=17396, stack(0x0000007b11200000,0x0000007b11300000) (1024K)]
  0x000001ce35473550 JavaThread "Unconstrained build operations Thread 114"        [_thread_blocked, id=19880, stack(0x0000007b11300000,0x0000007b11400000) (1024K)]
  0x000001ce35470df0 JavaThread "Unconstrained build operations Thread 115"        [_thread_blocked, id=9604, stack(0x0000007b11400000,0x0000007b11500000) (1024K)]
  0x000001ce354721a0 JavaThread "Unconstrained build operations Thread 116"        [_thread_blocked, id=17548, stack(0x0000007b11500000,0x0000007b11600000) (1024K)]
  0x000001ce35471480 JavaThread "Unconstrained build operations Thread 117"        [_thread_blocked, id=10120, stack(0x0000007b11600000,0x0000007b11700000) (1024K)]
  0x000001ce354700d0 JavaThread "Unconstrained build operations Thread 118"        [_thread_blocked, id=18632, stack(0x0000007b11700000,0x0000007b11800000) (1024K)]
  0x000001ce35473be0 JavaThread "Unconstrained build operations Thread 119"        [_thread_blocked, id=12500, stack(0x0000007b11800000,0x0000007b11900000) (1024K)]
  0x000001ce35471b10 JavaThread "Unconstrained build operations Thread 120"        [_thread_blocked, id=9856, stack(0x0000007b11900000,0x0000007b11a00000) (1024K)]
  0x000001ce35472ec0 JavaThread "WorkerExecutor Queue Thread 8"        [_thread_blocked, id=8164, stack(0x0000007b11a00000,0x0000007b11b00000) (1024K)]
  0x000001ce35470760 JavaThread "WorkerExecutor Queue Thread 9"        [_thread_blocked, id=7292, stack(0x0000007b11b00000,0x0000007b11c00000) (1024K)]
  0x000001ce2e0d0fd0 JavaThread "C2 CompilerThread1"         daemon [_thread_blocked, id=14892, stack(0x0000007b11c00000,0x0000007b11d00000) (1024K)]
  0x000001ce35477060 JavaThread "WorkerExecutor Queue Thread 10"        [_thread_blocked, id=2732, stack(0x0000007b04d00000,0x0000007b04e00000) (1024K)]
  0x000001ce3547dff0 JavaThread "WorkerExecutor Queue Thread 11"        [_thread_blocked, id=4236, stack(0x0000007b11d00000,0x0000007b11e00000) (1024K)]
  0x000001ce3547bf20 JavaThread "WorkerExecutor Queue Thread 12"        [_thread_blocked, id=16684, stack(0x0000007b11e00000,0x0000007b11f00000) (1024K)]
  0x000001ce3547c5b0 JavaThread "WorkerExecutor Queue Thread 13"        [_thread_blocked, id=18540, stack(0x0000007b11f00000,0x0000007b12000000) (1024K)]
  0x000001ce35475620 JavaThread "ForkJoinPool-1-worker-1"    daemon [_thread_blocked, id=7456, stack(0x0000007b12000000,0x0000007b12100000) (1024K)]
  0x000001ce35474270 JavaThread "ForkJoinPool-1-worker-2"    daemon [_thread_blocked, id=11964, stack(0x0000007b12100000,0x0000007b12200000) (1024K)]
  0x000001ce35472830 JavaThread "ForkJoinPool-1-worker-3"    daemon [_thread_blocked, id=10676, stack(0x0000007b12200000,0x0000007b12300000) (1024K)]
  0x000001ce35476340 JavaThread "ForkJoinPool-1-worker-4"    daemon [_thread_blocked, id=9348, stack(0x0000007b12300000,0x0000007b12400000) (1024K)]
  0x000001ce35475cb0 JavaThread "ForkJoinPool-1-worker-5"    daemon [_thread_blocked, id=21064, stack(0x0000007b12400000,0x0000007b12500000) (1024K)]
  0x000001ce35474900 JavaThread "ForkJoinPool-1-worker-6"    daemon [_thread_blocked, id=7448, stack(0x0000007b12500000,0x0000007b12600000) (1024K)]
  0x000001ce354776f0 JavaThread "ForkJoinPool-1-worker-7"    daemon [_thread_blocked, id=19020, stack(0x0000007b12600000,0x0000007b12700000) (1024K)]
  0x000001ce35477d80 JavaThread "ForkJoinPool-1-worker-8"    daemon [_thread_blocked, id=808, stack(0x0000007b12700000,0x0000007b12800000) (1024K)]
  0x000001ce354797c0 JavaThread "ForkJoinPool-1-worker-9"    daemon [_thread_blocked, id=12328, stack(0x0000007b12800000,0x0000007b12900000) (1024K)]
  0x000001ce35478aa0 JavaThread "ForkJoinPool-1-worker-10"   daemon [_thread_blocked, id=8036, stack(0x0000007b12900000,0x0000007b12a00000) (1024K)]
  0x000001ce35479130 JavaThread "ForkJoinPool-1-worker-11"   daemon [_thread_blocked, id=6636, stack(0x0000007b12a00000,0x0000007b12b00000) (1024K)]
  0x000001ce35479e50 JavaThread "ForkJoinPool-1-worker-12"   daemon [_thread_blocked, id=13428, stack(0x0000007b12b00000,0x0000007b12c00000) (1024K)]
Total: 205

Other Threads:
=>0x000001ce7e58e920 VMThread "VM Thread"                           [id=364, stack(0x0000007b05700000,0x0000007b05800000) (1024K)]
  0x000001ce7e583780 WatcherThread "VM Periodic Task Thread"        [id=20520, stack(0x0000007b05600000,0x0000007b05700000) (1024K)]
  0x000001ce76da5a40 WorkerThread "GC Thread#0"                     [id=7704, stack(0x0000007b05100000,0x0000007b05200000) (1024K)]
  0x000001ce7edbb5a0 WorkerThread "GC Thread#1"                     [id=18004, stack(0x0000007b06300000,0x0000007b06400000) (1024K)]
  0x000001ce7edbb950 WorkerThread "GC Thread#2"                     [id=9196, stack(0x0000007b06400000,0x0000007b06500000) (1024K)]
  0x000001ce7edbbd00 WorkerThread "GC Thread#3"                     [id=17424, stack(0x0000007b06500000,0x0000007b06600000) (1024K)]
  0x000001ce7edbc0b0 WorkerThread "GC Thread#4"                     [id=7028, stack(0x0000007b06600000,0x0000007b06700000) (1024K)]
  0x000001ce7edbc460 WorkerThread "GC Thread#5"                     [id=9560, stack(0x0000007b06700000,0x0000007b06800000) (1024K)]
  0x000001ce2aac9410 WorkerThread "GC Thread#6"                     [id=20364, stack(0x0000007b07200000,0x0000007b07300000) (1024K)]
  0x000001ce2aac97c0 WorkerThread "GC Thread#7"                     [id=15836, stack(0x0000007b07300000,0x0000007b07400000) (1024K)]
  0x000001ce2aa981e0 WorkerThread "GC Thread#8"                     [id=15380, stack(0x0000007b07400000,0x0000007b07500000) (1024K)]
  0x000001ce2aa99800 WorkerThread "GC Thread#9"                     [id=19096, stack(0x0000007b07500000,0x0000007b07600000) (1024K)]
  0x000001ce76dab950 ConcurrentGCThread "G1 Main Marker"            [id=1840, stack(0x0000007b05200000,0x0000007b05300000) (1024K)]
  0x000001ce76dada00 WorkerThread "G1 Conc#0"                       [id=6704, stack(0x0000007b05300000,0x0000007b05400000) (1024K)]
  0x000001ce2aee03a0 WorkerThread "G1 Conc#1"                       [id=22376, stack(0x0000007b07b00000,0x0000007b07c00000) (1024K)]
  0x000001ce2aee0b00 WorkerThread "G1 Conc#2"                       [id=15804, stack(0x0000007b07c00000,0x0000007b07d00000) (1024K)]
  0x000001ce7e455eb0 ConcurrentGCThread "G1 Refine#0"               [id=2740, stack(0x0000007b05400000,0x0000007b05500000) (1024K)]
  0x000001ce7e456840 ConcurrentGCThread "G1 Service"                [id=17304, stack(0x0000007b05500000,0x0000007b05600000) (1024K)]
Total: 18

Threads with active compile tasks:
C2 CompilerThread0  405899 25253       4       com.android.tools.r8.dex.c0::a (881 bytes)
C2 CompilerThread1  405899 25336       4       com.android.tools.r8.dex.c0::h (919 bytes)
Total: 2

VM state: at safepoint (normal execution)

VM Mutex/Monitor currently owned by a thread:  ([mutex/lock_event])
[0x00007ffcf3beadb0] Threads_lock - owner thread: 0x000001ce7e58e920
[0x00007ffcf3beaeb0] Heap_lock - owner thread: 0x000001ce76dab950

Heap address: 0x00000000e0000000, size: 512 MB, Compressed Oops mode: 32-bit

CDS archive(s) mapped at: [0x000001ce0f000000-0x000001ce10c20000-0x000001ce10c20000), size 29491200, SharedBaseAddress: 0x000001ce0f000000, ArchiveRelocationMode: 1.
Compressed class space mapped at: 0x000001ce11000000-0x000001ce25000000, reserved size: 335544320
Narrow klass base: 0x000001ce0f000000, Narrow klass shift: 0, Narrow klass range: 0x100000000

GC Precious Log:
 CardTable entry size: 512
 Card Set container configuration: InlinePtr #cards 5 size 8 Array Of Cards #cards 12 size 40 Howl #buckets 4 coarsen threshold 1843 Howl Bitmap #cards 512 size 80 coarsen threshold 460 Card regions per heap region 1 cards per card region 2048
 CPUs: 12 total, 12 available
 Memory: 7558M
 Large Page Support: Disabled
 NUMA Support: Disabled
 Compressed Oops: Enabled (32-bit)
 Heap Region Size: 1M
 Heap Min Capacity: 256M
 Heap Initial Capacity: 256M
 Heap Max Capacity: 512M
 Pre-touch: Disabled
 Parallel Workers: 10
 Concurrent Workers: 3
 Concurrent Refinement Workers: 10
 Periodic GC: Disabled

Heap:
 garbage-first heap   total 333824K, used 279552K [0x00000000e0000000, 0x0000000100000000)
  region size 1024K, 26 young (26624K), 9 survivors (9216K)
 Metaspace       used 145011K, committed 146304K, reserved 458752K
  class space    used 20380K, committed 20992K, reserved 327680K

Heap Regions: E=young(eden), S=young(survivor), O=old, HS=humongous(starts), HC=humongous(continues), CS=collection set, F=free, TAMS=top-at-mark-start, PB=parsable bottom
|   0|0x00000000e0000000, 0x00000000e0100000, 0x00000000e0100000|100%|HS|  |TAMS 0x00000000e0100000| PB 0x00000000e0000000| Complete 
|   1|0x00000000e0100000, 0x00000000e0200000, 0x00000000e0200000|100%|HC|  |TAMS 0x00000000e0200000| PB 0x00000000e0100000| Complete 
|   2|0x00000000e0200000, 0x00000000e0300000, 0x00000000e0300000|100%|HC|  |TAMS 0x00000000e0300000| PB 0x00000000e0200000| Complete 
|   3|0x00000000e0300000, 0x00000000e0400000, 0x00000000e0400000|100%| O|  |TAMS 0x00000000e0400000| PB 0x00000000e0400000| Untracked 
|   4|0x00000000e0400000, 0x00000000e0500000, 0x00000000e0500000|100%| O|  |TAMS 0x00000000e0500000| PB 0x00000000e0500000| Untracked 
|   5|0x00000000e0500000, 0x00000000e0600000, 0x00000000e0600000|100%| O|  |TAMS 0x00000000e0600000| PB 0x00000000e0600000| Untracked 
|   6|0x00000000e0600000, 0x00000000e0700000, 0x00000000e0700000|100%|HS|  |TAMS 0x00000000e0700000| PB 0x00000000e0600000| Complete 
|   7|0x00000000e0700000, 0x00000000e0800000, 0x00000000e0800000|100%| O|  |TAMS 0x00000000e0800000| PB 0x00000000e0800000| Untracked 
|   8|0x00000000e0800000, 0x00000000e0900000, 0x00000000e0900000|100%| O|  |TAMS 0x00000000e0900000| PB 0x00000000e0900000| Untracked 
|   9|0x00000000e0900000, 0x00000000e0a00000, 0x00000000e0a00000|100%| O|  |TAMS 0x00000000e0a00000| PB 0x00000000e0a00000| Untracked 
|  10|0x00000000e0a00000, 0x00000000e0b00000, 0x00000000e0b00000|100%| O|  |TAMS 0x00000000e0b00000| PB 0x00000000e0b00000| Untracked 
|  11|0x00000000e0b00000, 0x00000000e0c00000, 0x00000000e0c00000|100%|HS|  |TAMS 0x00000000e0c00000| PB 0x00000000e0b00000| Complete 
|  12|0x00000000e0c00000, 0x00000000e0d00000, 0x00000000e0d00000|100%|HC|  |TAMS 0x00000000e0d00000| PB 0x00000000e0c00000| Complete 
|  13|0x00000000e0d00000, 0x00000000e0e00000, 0x00000000e0e00000|100%|HC|  |TAMS 0x00000000e0e00000| PB 0x00000000e0d00000| Complete 
|  14|0x00000000e0e00000, 0x00000000e0f00000, 0x00000000e0f00000|100%|HC|  |TAMS 0x00000000e0f00000| PB 0x00000000e0e00000| Complete 
|  15|0x00000000e0f00000, 0x00000000e1000000, 0x00000000e1000000|100%|HC|  |TAMS 0x00000000e1000000| PB 0x00000000e0f00000| Complete 
|  16|0x00000000e1000000, 0x00000000e1100000, 0x00000000e1100000|100%|HC|  |TAMS 0x00000000e1100000| PB 0x00000000e1000000| Complete 
|  17|0x00000000e1100000, 0x00000000e1200000, 0x00000000e1200000|100%|HS|  |TAMS 0x00000000e1200000| PB 0x00000000e1100000| Complete 
|  18|0x00000000e1200000, 0x00000000e1300000, 0x00000000e1300000|100%|HS|  |TAMS 0x00000000e1300000| PB 0x00000000e1200000| Complete 
|  19|0x00000000e1300000, 0x00000000e1400000, 0x00000000e1400000|100%|HS|  |TAMS 0x00000000e1400000| PB 0x00000000e1300000| Complete 
|  20|0x00000000e1400000, 0x00000000e1500000, 0x00000000e1500000|100%|HC|  |TAMS 0x00000000e1500000| PB 0x00000000e1400000| Complete 
|  21|0x00000000e1500000, 0x00000000e1600000, 0x00000000e1600000|100%|HC|  |TAMS 0x00000000e1600000| PB 0x00000000e1500000| Complete 
|  22|0x00000000e1600000, 0x00000000e1700000, 0x00000000e1700000|100%|HC|  |TAMS 0x00000000e1700000| PB 0x00000000e1600000| Complete 
|  23|0x00000000e1700000, 0x00000000e1800000, 0x00000000e1800000|100%|HC|  |TAMS 0x00000000e1800000| PB 0x00000000e1700000| Complete 
|  24|0x00000000e1800000, 0x00000000e1900000, 0x00000000e1900000|100%|HC|  |TAMS 0x00000000e1900000| PB 0x00000000e1800000| Complete 
|  25|0x00000000e1900000, 0x00000000e1a00000, 0x00000000e1a00000|100%|HS|  |TAMS 0x00000000e1a00000| PB 0x00000000e1900000| Complete 
|  26|0x00000000e1a00000, 0x00000000e1b00000, 0x00000000e1b00000|100%|HS|  |TAMS 0x00000000e1b00000| PB 0x00000000e1a00000| Complete 
|  27|0x00000000e1b00000, 0x00000000e1c00000, 0x00000000e1c00000|100%| O|  |TAMS 0x00000000e1c00000| PB 0x00000000e1c00000| Updating 
|  28|0x00000000e1c00000, 0x00000000e1d00000, 0x00000000e1d00000|100%| O|  |TAMS 0x00000000e1c00000| PB 0x00000000e1c00000| Untracked 
|  29|0x00000000e1d00000, 0x00000000e1e00000, 0x00000000e1e00000|100%| O|  |TAMS 0x00000000e1e00000| PB 0x00000000e1e00000| Updating 
|  30|0x00000000e1e00000, 0x00000000e1f00000, 0x00000000e1f00000|100%| O|  |TAMS 0x00000000e1f00000| PB 0x00000000e1f00000| Untracked 
|  31|0x00000000e1f00000, 0x00000000e2000000, 0x00000000e2000000|100%| O|  |TAMS 0x00000000e2000000| PB 0x00000000e2000000| Updating 
|  32|0x00000000e2000000, 0x00000000e2100000, 0x00000000e2100000|100%| O|  |TAMS 0x00000000e2100000| PB 0x00000000e2100000| Untracked 
|  33|0x00000000e2100000, 0x00000000e2200000, 0x00000000e2200000|100%| O|  |TAMS 0x00000000e2200000| PB 0x00000000e2200000| Untracked 
|  34|0x00000000e2200000, 0x00000000e2300000, 0x00000000e2300000|100%| O|  |TAMS 0x00000000e2300000| PB 0x00000000e2300000| Untracked 
|  35|0x00000000e2300000, 0x00000000e2400000, 0x00000000e2400000|100%| O|  |TAMS 0x00000000e2400000| PB 0x00000000e2400000| Untracked 
|  36|0x00000000e2400000, 0x00000000e2500000, 0x00000000e2500000|100%| O|  |TAMS 0x00000000e2500000| PB 0x00000000e2500000| Updating 
|  37|0x00000000e2500000, 0x00000000e2600000, 0x00000000e2600000|100%| O|  |TAMS 0x00000000e2600000| PB 0x00000000e2600000| Untracked 
|  38|0x00000000e2600000, 0x00000000e2700000, 0x00000000e2700000|100%| O|  |TAMS 0x00000000e2700000| PB 0x00000000e2700000| Untracked 
|  39|0x00000000e2700000, 0x00000000e2800000, 0x00000000e2800000|100%| O|  |TAMS 0x00000000e2800000| PB 0x00000000e2800000| Updating 
|  40|0x00000000e2800000, 0x00000000e2900000, 0x00000000e2900000|100%| O|  |TAMS 0x00000000e2900000| PB 0x00000000e2900000| Updating 
|  41|0x00000000e2900000, 0x00000000e2a00000, 0x00000000e2a00000|100%| O|  |TAMS 0x00000000e2a00000| PB 0x00000000e2a00000| Updating 
|  42|0x00000000e2a00000, 0x00000000e2b00000, 0x00000000e2b00000|100%| O|  |TAMS 0x00000000e2b00000| PB 0x00000000e2b00000| Updating 
|  43|0x00000000e2b00000, 0x00000000e2c00000, 0x00000000e2c00000|100%| O|  |TAMS 0x00000000e2c00000| PB 0x00000000e2c00000| Untracked 
|  44|0x00000000e2c00000, 0x00000000e2d00000, 0x00000000e2d00000|100%| O|  |TAMS 0x00000000e2d00000| PB 0x00000000e2d00000| Updating 
|  45|0x00000000e2d00000, 0x00000000e2e00000, 0x00000000e2e00000|100%| O|  |TAMS 0x00000000e2e00000| PB 0x00000000e2e00000| Untracked 
|  46|0x00000000e2e00000, 0x00000000e2f00000, 0x00000000e2f00000|100%| O|  |TAMS 0x00000000e2f00000| PB 0x00000000e2f00000| Untracked 
|  47|0x00000000e2f00000, 0x00000000e3000000, 0x00000000e3000000|100%| O|  |TAMS 0x00000000e3000000| PB 0x00000000e3000000| Updating 
|  48|0x00000000e3000000, 0x00000000e3100000, 0x00000000e3100000|100%| O|  |TAMS 0x00000000e3100000| PB 0x00000000e3100000| Updating 
|  49|0x00000000e3100000, 0x00000000e3200000, 0x00000000e3200000|100%| O|  |TAMS 0x00000000e3200000| PB 0x00000000e3200000| Untracked 
|  50|0x00000000e3200000, 0x00000000e3300000, 0x00000000e3300000|100%| O|  |TAMS 0x00000000e3300000| PB 0x00000000e3300000| Untracked 
|  51|0x00000000e3300000, 0x00000000e3400000, 0x00000000e3400000|100%| O|  |TAMS 0x00000000e3400000| PB 0x00000000e3400000| Updating 
|  52|0x00000000e3400000, 0x00000000e3500000, 0x00000000e3500000|100%| O|  |TAMS 0x00000000e3500000| PB 0x00000000e3500000| Untracked 
|  53|0x00000000e3500000, 0x00000000e3600000, 0x00000000e3600000|100%| O|  |TAMS 0x00000000e3600000| PB 0x00000000e3600000| Updating 
|  54|0x00000000e3600000, 0x00000000e3700000, 0x00000000e3700000|100%| O|  |TAMS 0x00000000e3700000| PB 0x00000000e3700000| Updating 
|  55|0x00000000e3700000, 0x00000000e3800000, 0x00000000e3800000|100%| O|  |TAMS 0x00000000e3800000| PB 0x00000000e3800000| Untracked 
|  56|0x00000000e3800000, 0x00000000e3900000, 0x00000000e3900000|100%| O|  |TAMS 0x00000000e3900000| PB 0x00000000e3900000| Updating 
|  57|0x00000000e3900000, 0x00000000e3a00000, 0x00000000e3a00000|100%| O|  |TAMS 0x00000000e3a00000| PB 0x00000000e3a00000| Untracked 
|  58|0x00000000e3a00000, 0x00000000e3b00000, 0x00000000e3b00000|100%| O|  |TAMS 0x00000000e3b00000| PB 0x00000000e3b00000| Updating 
|  59|0x00000000e3b00000, 0x00000000e3c00000, 0x00000000e3c00000|100%| O|  |TAMS 0x00000000e3c00000| PB 0x00000000e3c00000| Updating 
|  60|0x00000000e3c00000, 0x00000000e3d00000, 0x00000000e3d00000|100%|HS|  |TAMS 0x00000000e3d00000| PB 0x00000000e3c00000| Complete 
|  61|0x00000000e3d00000, 0x00000000e3e00000, 0x00000000e3e00000|100%| O|  |TAMS 0x00000000e3d00000| PB 0x00000000e3d00000| Untracked 
|  62|0x00000000e3e00000, 0x00000000e3f00000, 0x00000000e3f00000|100%| O|  |TAMS 0x00000000e3f00000| PB 0x00000000e3f00000| Updating 
|  63|0x00000000e3f00000, 0x00000000e4000000, 0x00000000e4000000|100%| O|  |TAMS 0x00000000e4000000| PB 0x00000000e4000000| Updating 
|  64|0x00000000e4000000, 0x00000000e4100000, 0x00000000e4100000|100%| O|  |TAMS 0x00000000e4100000| PB 0x00000000e4100000| Updating 
|  65|0x00000000e4100000, 0x00000000e4200000, 0x00000000e4200000|100%| O|  |TAMS 0x00000000e4200000| PB 0x00000000e4200000| Updating 
|  66|0x00000000e4200000, 0x00000000e4300000, 0x00000000e4300000|100%| O|  |TAMS 0x00000000e4300000| PB 0x00000000e4300000| Updating 
|  67|0x00000000e4300000, 0x00000000e4400000, 0x00000000e4400000|100%|HS|  |TAMS 0x00000000e4400000| PB 0x00000000e4300000| Complete 
|  68|0x00000000e4400000, 0x00000000e4500000, 0x00000000e4500000|100%|HS|  |TAMS 0x00000000e4500000| PB 0x00000000e4400000| Complete 
|  69|0x00000000e4500000, 0x00000000e4600000, 0x00000000e4600000|100%|HS|  |TAMS 0x00000000e4600000| PB 0x00000000e4500000| Complete 
|  70|0x00000000e4600000, 0x00000000e4700000, 0x00000000e4700000|100%|HS|  |TAMS 0x00000000e4700000| PB 0x00000000e4600000| Complete 
|  71|0x00000000e4700000, 0x00000000e4800000, 0x00000000e4800000|100%|HS|  |TAMS 0x00000000e4800000| PB 0x00000000e4700000| Complete 
|  72|0x00000000e4800000, 0x00000000e4900000, 0x00000000e4900000|100%|HS|  |TAMS 0x00000000e4900000| PB 0x00000000e4800000| Complete 
|  73|0x00000000e4900000, 0x00000000e4a00000, 0x00000000e4a00000|100%| O|  |TAMS 0x00000000e4a00000| PB 0x00000000e4a00000| Updating 
|  74|0x00000000e4a00000, 0x00000000e4b00000, 0x00000000e4b00000|100%| O|  |TAMS 0x00000000e4b00000| PB 0x00000000e4b00000| Untracked 
|  75|0x00000000e4b00000, 0x00000000e4c00000, 0x00000000e4c00000|100%| O|  |TAMS 0x00000000e4c00000| PB 0x00000000e4c00000| Untracked 
|  76|0x00000000e4c00000, 0x00000000e4d00000, 0x00000000e4d00000|100%| O|  |TAMS 0x00000000e4d00000| PB 0x00000000e4d00000| Updating 
|  77|0x00000000e4d00000, 0x00000000e4e00000, 0x00000000e4e00000|100%| O|  |TAMS 0x00000000e4e00000| PB 0x00000000e4e00000| Untracked 
|  78|0x00000000e4e00000, 0x00000000e4f00000, 0x00000000e4f00000|100%| O|  |TAMS 0x00000000e4f00000| PB 0x00000000e4f00000| Untracked 
|  79|0x00000000e4f00000, 0x00000000e5000000, 0x00000000e5000000|100%| O|  |TAMS 0x00000000e5000000| PB 0x00000000e5000000| Untracked 
|  80|0x00000000e5000000, 0x00000000e5100000, 0x00000000e5100000|100%| O|  |TAMS 0x00000000e5100000| PB 0x00000000e5100000| Updating 
|  81|0x00000000e5100000, 0x00000000e5200000, 0x00000000e5200000|100%| O|  |TAMS 0x00000000e5200000| PB 0x00000000e5200000| Untracked 
|  82|0x00000000e5200000, 0x00000000e5300000, 0x00000000e5300000|100%| O|  |TAMS 0x00000000e5300000| PB 0x00000000e5300000| Untracked 
|  83|0x00000000e5300000, 0x00000000e5400000, 0x00000000e5400000|100%| O|  |TAMS 0x00000000e5400000| PB 0x00000000e5400000| Updating 
|  84|0x00000000e5400000, 0x00000000e5500000, 0x00000000e5500000|100%| O|  |TAMS 0x00000000e5500000| PB 0x00000000e5500000| Updating 
|  85|0x00000000e5500000, 0x00000000e5600000, 0x00000000e5600000|100%| O|  |TAMS 0x00000000e5500000| PB 0x00000000e5500000| Untracked 
|  86|0x00000000e5600000, 0x00000000e5700000, 0x00000000e5700000|100%| O|  |TAMS 0x00000000e5700000| PB 0x00000000e5700000| Updating 
|  87|0x00000000e5700000, 0x00000000e5800000, 0x00000000e5800000|100%| O|  |TAMS 0x00000000e5800000| PB 0x00000000e5800000| Untracked 
|  88|0x00000000e5800000, 0x00000000e5900000, 0x00000000e5900000|100%| O|  |TAMS 0x00000000e5800000| PB 0x00000000e5800000| Untracked 
|  89|0x00000000e5900000, 0x00000000e5a00000, 0x00000000e5a00000|100%| O|  |TAMS 0x00000000e5a00000| PB 0x00000000e5a00000| Untracked 
|  90|0x00000000e5a00000, 0x00000000e5b00000, 0x00000000e5b00000|100%| O|  |TAMS 0x00000000e5b00000| PB 0x00000000e5b00000| Untracked 
|  91|0x00000000e5b00000, 0x00000000e5c00000, 0x00000000e5c00000|100%| O|  |TAMS 0x00000000e5c00000| PB 0x00000000e5c00000| Updating 
|  92|0x00000000e5c00000, 0x00000000e5d00000, 0x00000000e5d00000|100%|HS|  |TAMS 0x00000000e5d00000| PB 0x00000000e5c00000| Complete 
|  93|0x00000000e5d00000, 0x00000000e5e00000, 0x00000000e5e00000|100%| O|  |TAMS 0x00000000e5e00000| PB 0x00000000e5e00000| Updating 
|  94|0x00000000e5e00000, 0x00000000e5f00000, 0x00000000e5f00000|100%| O|  |TAMS 0x00000000e5f00000| PB 0x00000000e5f00000| Updating 
|  95|0x00000000e5f00000, 0x00000000e6000000, 0x00000000e6000000|100%| O|  |TAMS 0x00000000e6000000| PB 0x00000000e6000000| Untracked 
|  96|0x00000000e6000000, 0x00000000e6100000, 0x00000000e6100000|100%| O|  |TAMS 0x00000000e6100000| PB 0x00000000e6100000| Untracked 
|  97|0x00000000e6100000, 0x00000000e6200000, 0x00000000e6200000|100%| O|  |TAMS 0x00000000e6200000| PB 0x00000000e6200000| Updating 
|  98|0x00000000e6200000, 0x00000000e6300000, 0x00000000e6300000|100%|HS|  |TAMS 0x00000000e6300000| PB 0x00000000e6200000| Complete 
|  99|0x00000000e6300000, 0x00000000e6400000, 0x00000000e6400000|100%|HC|  |TAMS 0x00000000e6400000| PB 0x00000000e6300000| Complete 
| 100|0x00000000e6400000, 0x00000000e6500000, 0x00000000e6500000|100%|HS|  |TAMS 0x00000000e6500000| PB 0x00000000e6400000| Complete 
| 101|0x00000000e6500000, 0x00000000e6600000, 0x00000000e6600000|100%|HS|  |TAMS 0x00000000e6600000| PB 0x00000000e6500000| Complete 
| 102|0x00000000e6600000, 0x00000000e6700000, 0x00000000e6700000|100%| O|  |TAMS 0x00000000e6600000| PB 0x00000000e6600000| Untracked 
| 103|0x00000000e6700000, 0x00000000e6800000, 0x00000000e6800000|100%| O|  |TAMS 0x00000000e6800000| PB 0x00000000e6800000| Updating 
| 104|0x00000000e6800000, 0x00000000e6900000, 0x00000000e6900000|100%| O|  |TAMS 0x00000000e6900000| PB 0x00000000e6900000| Untracked 
| 105|0x00000000e6900000, 0x00000000e6a00000, 0x00000000e6a00000|100%|HS|  |TAMS 0x00000000e6a00000| PB 0x00000000e6900000| Complete 
| 106|0x00000000e6a00000, 0x00000000e6b00000, 0x00000000e6b00000|100%| O|  |TAMS 0x00000000e6b00000| PB 0x00000000e6b00000| Updating 
| 107|0x00000000e6b00000, 0x00000000e6c00000, 0x00000000e6c00000|100%| O|  |TAMS 0x00000000e6c00000| PB 0x00000000e6c00000| Untracked 
| 108|0x00000000e6c00000, 0x00000000e6d00000, 0x00000000e6d00000|100%| O|  |TAMS 0x00000000e6d00000| PB 0x00000000e6d00000| Untracked 
| 109|0x00000000e6d00000, 0x00000000e6e00000, 0x00000000e6e00000|100%| O|  |TAMS 0x00000000e6e00000| PB 0x00000000e6e00000| Untracked 
| 110|0x00000000e6e00000, 0x00000000e6f00000, 0x00000000e6f00000|100%| O|  |TAMS 0x00000000e6f00000| PB 0x00000000e6f00000| Updating 
| 111|0x00000000e6f00000, 0x00000000e7000000, 0x00000000e7000000|100%| O|  |TAMS 0x00000000e7000000| PB 0x00000000e7000000| Untracked 
| 112|0x00000000e7000000, 0x00000000e7100000, 0x00000000e7100000|100%| O|  |TAMS 0x00000000e7100000| PB 0x00000000e7100000| Updating 
| 113|0x00000000e7100000, 0x00000000e7200000, 0x00000000e7200000|100%| O|  |TAMS 0x00000000e7200000| PB 0x00000000e7200000| Untracked 
| 114|0x00000000e7200000, 0x00000000e7300000, 0x00000000e7300000|100%|HS|  |TAMS 0x00000000e7300000| PB 0x00000000e7200000| Complete 
| 115|0x00000000e7300000, 0x00000000e7400000, 0x00000000e7400000|100%| O|  |TAMS 0x00000000e7400000| PB 0x00000000e7400000| Updating 
| 116|0x00000000e7400000, 0x00000000e7500000, 0x00000000e7500000|100%| O|  |TAMS 0x00000000e7500000| PB 0x00000000e7500000| Untracked 
| 117|0x00000000e7500000, 0x00000000e7600000, 0x00000000e7600000|100%| O|  |TAMS 0x00000000e7600000| PB 0x00000000e7600000| Updating 
| 118|0x00000000e7600000, 0x00000000e7700000, 0x00000000e7700000|100%| O|  |TAMS 0x00000000e7700000| PB 0x00000000e7700000| Untracked 
| 119|0x00000000e7700000, 0x00000000e7800000, 0x00000000e7800000|100%| O|  |TAMS 0x00000000e7800000| PB 0x00000000e7800000| Untracked 
| 120|0x00000000e7800000, 0x00000000e7900000, 0x00000000e7900000|100%| O|  |TAMS 0x00000000e7900000| PB 0x00000000e7900000| Untracked 
| 121|0x00000000e7900000, 0x00000000e7a00000, 0x00000000e7a00000|100%| O|  |TAMS 0x00000000e7a00000| PB 0x00000000e7a00000| Updating 
| 122|0x00000000e7a00000, 0x00000000e7b00000, 0x00000000e7b00000|100%| O|  |TAMS 0x00000000e7b00000| PB 0x00000000e7b00000| Updating 
| 123|0x00000000e7b00000, 0x00000000e7c00000, 0x00000000e7c00000|100%| O|  |TAMS 0x00000000e7c00000| PB 0x00000000e7c00000| Untracked 
| 124|0x00000000e7c00000, 0x00000000e7d00000, 0x00000000e7d00000|100%| O|  |TAMS 0x00000000e7c00000| PB 0x00000000e7c00000| Untracked 
| 125|0x00000000e7d00000, 0x00000000e7e00000, 0x00000000e7e00000|100%|HS|  |TAMS 0x00000000e7e00000| PB 0x00000000e7d00000| Complete 
| 126|0x00000000e7e00000, 0x00000000e7f00000, 0x00000000e7f00000|100%|HC|  |TAMS 0x00000000e7f00000| PB 0x00000000e7e00000| Complete 
| 127|0x00000000e7f00000, 0x00000000e8000000, 0x00000000e8000000|100%|HS|  |TAMS 0x00000000e8000000| PB 0x00000000e7f00000| Complete 
| 128|0x00000000e8000000, 0x00000000e8100000, 0x00000000e8100000|100%| O|  |TAMS 0x00000000e8100000| PB 0x00000000e8100000| Untracked 
| 129|0x00000000e8100000, 0x00000000e8200000, 0x00000000e8200000|100%| O|  |TAMS 0x00000000e8200000| PB 0x00000000e8200000| Untracked 
| 130|0x00000000e8200000, 0x00000000e8300000, 0x00000000e8300000|100%| O|  |TAMS 0x00000000e8300000| PB 0x00000000e8300000| Untracked 
| 131|0x00000000e8300000, 0x00000000e8400000, 0x00000000e8400000|100%| O|  |TAMS 0x00000000e8400000| PB 0x00000000e8400000| Untracked 
| 132|0x00000000e8400000, 0x00000000e8500000, 0x00000000e8500000|100%| O|  |TAMS 0x00000000e8400000| PB 0x00000000e8400000| Untracked 
| 133|0x00000000e8500000, 0x00000000e8600000, 0x00000000e8600000|100%| O|  |TAMS 0x00000000e8600000| PB 0x00000000e8600000| Updating 
| 134|0x00000000e8600000, 0x00000000e8700000, 0x00000000e8700000|100%| O|  |TAMS 0x00000000e8700000| PB 0x00000000e8700000| Untracked 
| 135|0x00000000e8700000, 0x00000000e8800000, 0x00000000e8800000|100%| O|  |TAMS 0x00000000e8800000| PB 0x00000000e8800000| Updating 
| 136|0x00000000e8800000, 0x00000000e8900000, 0x00000000e8900000|100%| O|  |TAMS 0x00000000e8900000| PB 0x00000000e8900000| Untracked 
| 137|0x00000000e8900000, 0x00000000e8a00000, 0x00000000e8a00000|100%| O|  |TAMS 0x00000000e8900000| PB 0x00000000e8900000| Untracked 
| 138|0x00000000e8a00000, 0x00000000e8b00000, 0x00000000e8b00000|100%| O|  |TAMS 0x00000000e8b00000| PB 0x00000000e8b00000| Untracked 
| 139|0x00000000e8b00000, 0x00000000e8c00000, 0x00000000e8c00000|100%| O|  |TAMS 0x00000000e8c00000| PB 0x00000000e8c00000| Untracked 
| 140|0x00000000e8c00000, 0x00000000e8d00000, 0x00000000e8d00000|100%| O|  |TAMS 0x00000000e8d00000| PB 0x00000000e8d00000| Untracked 
| 141|0x00000000e8d00000, 0x00000000e8e00000, 0x00000000e8e00000|100%| O|  |TAMS 0x00000000e8e00000| PB 0x00000000e8e00000| Updating 
| 142|0x00000000e8e00000, 0x00000000e8f00000, 0x00000000e8f00000|100%| O|  |TAMS 0x00000000e8f00000| PB 0x00000000e8f00000| Untracked 
| 143|0x00000000e8f00000, 0x00000000e9000000, 0x00000000e9000000|100%| O|  |TAMS 0x00000000e9000000| PB 0x00000000e9000000| Untracked 
| 144|0x00000000e9000000, 0x00000000e9100000, 0x00000000e9100000|100%| O|  |TAMS 0x00000000e9100000| PB 0x00000000e9100000| Untracked 
| 145|0x00000000e9100000, 0x00000000e9200000, 0x00000000e9200000|100%| O|  |TAMS 0x00000000e9200000| PB 0x00000000e9200000| Untracked 
| 146|0x00000000e9200000, 0x00000000e9300000, 0x00000000e9300000|100%| O|  |TAMS 0x00000000e9300000| PB 0x00000000e9300000| Untracked 
| 147|0x00000000e9300000, 0x00000000e9400000, 0x00000000e9400000|100%| O|  |TAMS 0x00000000e9400000| PB 0x00000000e9400000| Untracked 
| 148|0x00000000e9400000, 0x00000000e9500000, 0x00000000e9500000|100%| O|  |TAMS 0x00000000e9500000| PB 0x00000000e9500000| Untracked 
| 149|0x00000000e9500000, 0x00000000e9600000, 0x00000000e9600000|100%| O|  |TAMS 0x00000000e9600000| PB 0x00000000e9600000| Untracked 
| 150|0x00000000e9600000, 0x00000000e9700000, 0x00000000e9700000|100%| O|  |TAMS 0x00000000e9700000| PB 0x00000000e9700000| Untracked 
| 151|0x00000000e9700000, 0x00000000e9800000, 0x00000000e9800000|100%| O|  |TAMS 0x00000000e9800000| PB 0x00000000e9800000| Updating 
| 152|0x00000000e9800000, 0x00000000e9900000, 0x00000000e9900000|100%| O|  |TAMS 0x00000000e9900000| PB 0x00000000e9900000| Untracked 
| 153|0x00000000e9900000, 0x00000000e9a00000, 0x00000000e9a00000|100%| O|  |TAMS 0x00000000e9a00000| PB 0x00000000e9a00000| Updating 
| 154|0x00000000e9a00000, 0x00000000e9b00000, 0x00000000e9b00000|100%| O|  |TAMS 0x00000000e9b00000| PB 0x00000000e9b00000| Updating 
| 155|0x00000000e9b00000, 0x00000000e9c00000, 0x00000000e9c00000|100%| O|  |TAMS 0x00000000e9c00000| PB 0x00000000e9c00000| Updating 
| 156|0x00000000e9c00000, 0x00000000e9d00000, 0x00000000e9d00000|100%| O|  |TAMS 0x00000000e9d00000| PB 0x00000000e9d00000| Updating 
| 157|0x00000000e9d00000, 0x00000000e9e00000, 0x00000000e9e00000|100%| O|  |TAMS 0x00000000e9e00000| PB 0x00000000e9e00000| Updating 
| 158|0x00000000e9e00000, 0x00000000e9f00000, 0x00000000e9f00000|100%| O|  |TAMS 0x00000000e9f00000| PB 0x00000000e9f00000| Updating 
| 159|0x00000000e9f00000, 0x00000000ea000000, 0x00000000ea000000|100%| O|  |TAMS 0x00000000ea000000| PB 0x00000000ea000000| Untracked 
| 160|0x00000000ea000000, 0x00000000ea100000, 0x00000000ea100000|100%| O|  |TAMS 0x00000000ea100000| PB 0x00000000ea100000| Untracked 
| 161|0x00000000ea100000, 0x00000000ea200000, 0x00000000ea200000|100%| O|  |TAMS 0x00000000ea200000| PB 0x00000000ea200000| Updating 
| 162|0x00000000ea200000, 0x00000000ea300000, 0x00000000ea300000|100%| O|  |TAMS 0x00000000ea300000| PB 0x00000000ea300000| Untracked 
| 163|0x00000000ea300000, 0x00000000ea400000, 0x00000000ea400000|100%| O|  |TAMS 0x00000000ea400000| PB 0x00000000ea400000| Untracked 
| 164|0x00000000ea400000, 0x00000000ea500000, 0x00000000ea500000|100%|HS|  |TAMS 0x00000000ea500000| PB 0x00000000ea400000| Complete 
| 165|0x00000000ea500000, 0x00000000ea600000, 0x00000000ea600000|100%|HC|  |TAMS 0x00000000ea600000| PB 0x00000000ea500000| Complete 
| 166|0x00000000ea600000, 0x00000000ea700000, 0x00000000ea700000|100%|HS|  |TAMS 0x00000000ea700000| PB 0x00000000ea600000| Complete 
| 167|0x00000000ea700000, 0x00000000ea800000, 0x00000000ea800000|100%|HC|  |TAMS 0x00000000ea800000| PB 0x00000000ea700000| Complete 
| 168|0x00000000ea800000, 0x00000000ea900000, 0x00000000ea900000|100%|HS|  |TAMS 0x00000000ea900000| PB 0x00000000ea800000| Complete 
| 169|0x00000000ea900000, 0x00000000eaa00000, 0x00000000eaa00000|100%|HC|  |TAMS 0x00000000eaa00000| PB 0x00000000ea900000| Complete 
| 170|0x00000000eaa00000, 0x00000000eab00000, 0x00000000eab00000|100%|HC|  |TAMS 0x00000000eab00000| PB 0x00000000eaa00000| Complete 
| 171|0x00000000eab00000, 0x00000000eab00000, 0x00000000eac00000|  0%| F|  |TAMS 0x00000000eab00000| PB 0x00000000eab00000| Untracked 
| 172|0x00000000eac00000, 0x00000000eac00000, 0x00000000ead00000|  0%| F|  |TAMS 0x00000000eac00000| PB 0x00000000eac00000| Untracked 
| 173|0x00000000ead00000, 0x00000000ead00000, 0x00000000eae00000|  0%| F|  |TAMS 0x00000000ead00000| PB 0x00000000ead00000| Untracked 
| 174|0x00000000eae00000, 0x00000000eaf00000, 0x00000000eaf00000|100%| O|  |TAMS 0x00000000eaf00000| PB 0x00000000eaf00000| Untracked 
| 175|0x00000000eaf00000, 0x00000000eb000000, 0x00000000eb000000|100%| O|  |TAMS 0x00000000eb000000| PB 0x00000000eb000000| Updating 
| 176|0x00000000eb000000, 0x00000000eb000000, 0x00000000eb100000|  0%| F|  |TAMS 0x00000000eb000000| PB 0x00000000eb000000| Untracked 
| 177|0x00000000eb100000, 0x00000000eb200000, 0x00000000eb200000|100%| O|  |TAMS 0x00000000eb200000| PB 0x00000000eb200000| Untracked 
| 178|0x00000000eb200000, 0x00000000eb300000, 0x00000000eb300000|100%|HS|  |TAMS 0x00000000eb300000| PB 0x00000000eb200000| Complete 
| 179|0x00000000eb300000, 0x00000000eb400000, 0x00000000eb400000|100%|HC|  |TAMS 0x00000000eb400000| PB 0x00000000eb300000| Complete 
| 180|0x00000000eb400000, 0x00000000eb400000, 0x00000000eb500000|  0%| F|  |TAMS 0x00000000eb400000| PB 0x00000000eb400000| Untracked 
| 181|0x00000000eb500000, 0x00000000eb500000, 0x00000000eb600000|  0%| F|  |TAMS 0x00000000eb500000| PB 0x00000000eb500000| Untracked 
| 182|0x00000000eb600000, 0x00000000eb700000, 0x00000000eb700000|100%|HS|  |TAMS 0x00000000eb700000| PB 0x00000000eb600000| Complete 
| 183|0x00000000eb700000, 0x00000000eb800000, 0x00000000eb800000|100%|HC|  |TAMS 0x00000000eb800000| PB 0x00000000eb700000| Complete 
| 184|0x00000000eb800000, 0x00000000eb800000, 0x00000000eb900000|  0%| F|  |TAMS 0x00000000eb800000| PB 0x00000000eb800000| Untracked 
| 185|0x00000000eb900000, 0x00000000eb900000, 0x00000000eba00000|  0%| F|  |TAMS 0x00000000eb900000| PB 0x00000000eb900000| Untracked 
| 186|0x00000000eba00000, 0x00000000ebb00000, 0x00000000ebb00000|100%|HS|  |TAMS 0x00000000ebb00000| PB 0x00000000eba00000| Complete 
| 187|0x00000000ebb00000, 0x00000000ebc00000, 0x00000000ebc00000|100%|HC|  |TAMS 0x00000000ebc00000| PB 0x00000000ebb00000| Complete 
| 188|0x00000000ebc00000, 0x00000000ebc00000, 0x00000000ebd00000|  0%| F|  |TAMS 0x00000000ebc00000| PB 0x00000000ebc00000| Untracked 
| 189|0x00000000ebd00000, 0x00000000ebe00000, 0x00000000ebe00000|100%| O|  |TAMS 0x00000000ebd00000| PB 0x00000000ebd00000| Untracked 
| 190|0x00000000ebe00000, 0x00000000ebf00000, 0x00000000ebf00000|100%|HS|  |TAMS 0x00000000ebf00000| PB 0x00000000ebe00000| Complete 
| 191|0x00000000ebf00000, 0x00000000ec000000, 0x00000000ec000000|100%|HC|  |TAMS 0x00000000ec000000| PB 0x00000000ebf00000| Complete 
| 192|0x00000000ec000000, 0x00000000ec100000, 0x00000000ec100000|100%| O|  |TAMS 0x00000000ec000000| PB 0x00000000ec000000| Untracked 
| 193|0x00000000ec100000, 0x00000000ec200000, 0x00000000ec200000|100%| O|  |TAMS 0x00000000ec100000| PB 0x00000000ec100000| Untracked 
| 194|0x00000000ec200000, 0x00000000ec300000, 0x00000000ec300000|100%| O|  |TAMS 0x00000000ec200000| PB 0x00000000ec200000| Untracked 
| 195|0x00000000ec300000, 0x00000000ec400000, 0x00000000ec400000|100%| O|  |TAMS 0x00000000ec300000| PB 0x00000000ec300000| Untracked 
| 196|0x00000000ec400000, 0x00000000ec500000, 0x00000000ec500000|100%| O|  |TAMS 0x00000000ec400000| PB 0x00000000ec400000| Untracked 
| 197|0x00000000ec500000, 0x00000000ec600000, 0x00000000ec600000|100%|HS|  |TAMS 0x00000000ec600000| PB 0x00000000ec500000| Complete 
| 198|0x00000000ec600000, 0x00000000ec700000, 0x00000000ec700000|100%|HC|  |TAMS 0x00000000ec700000| PB 0x00000000ec600000| Complete 
| 199|0x00000000ec700000, 0x00000000ec800000, 0x00000000ec800000|100%|HC|  |TAMS 0x00000000ec800000| PB 0x00000000ec700000| Complete 
| 200|0x00000000ec800000, 0x00000000ec900000, 0x00000000ec900000|100%| O|  |TAMS 0x00000000ec800000| PB 0x00000000ec800000| Untracked 
| 201|0x00000000ec900000, 0x00000000eca00000, 0x00000000eca00000|100%| O|  |TAMS 0x00000000ec900000| PB 0x00000000ec900000| Untracked 
| 202|0x00000000eca00000, 0x00000000ecb00000, 0x00000000ecb00000|100%| O|  |TAMS 0x00000000eca00000| PB 0x00000000eca00000| Untracked 
| 203|0x00000000ecb00000, 0x00000000ecc00000, 0x00000000ecc00000|100%| O|  |TAMS 0x00000000ecb00000| PB 0x00000000ecb00000| Untracked 
| 204|0x00000000ecc00000, 0x00000000ecd00000, 0x00000000ecd00000|100%| O|  |TAMS 0x00000000ecc00000| PB 0x00000000ecc00000| Untracked 
| 205|0x00000000ecd00000, 0x00000000ece00000, 0x00000000ece00000|100%| O|  |TAMS 0x00000000ecd00000| PB 0x00000000ecd00000| Untracked 
| 206|0x00000000ece00000, 0x00000000ecf00000, 0x00000000ecf00000|100%| O|  |TAMS 0x00000000ece00000| PB 0x00000000ece00000| Untracked 
| 207|0x00000000ecf00000, 0x00000000ed000000, 0x00000000ed000000|100%| O|  |TAMS 0x00000000ecf00000| PB 0x00000000ecf00000| Untracked 
| 208|0x00000000ed000000, 0x00000000ed100000, 0x00000000ed100000|100%| O|  |TAMS 0x00000000ed000000| PB 0x00000000ed000000| Untracked 
| 209|0x00000000ed100000, 0x00000000ed200000, 0x00000000ed200000|100%| O|  |TAMS 0x00000000ed100000| PB 0x00000000ed100000| Untracked 
| 210|0x00000000ed200000, 0x00000000ed300000, 0x00000000ed300000|100%| O|  |TAMS 0x00000000ed200000| PB 0x00000000ed200000| Untracked 
| 211|0x00000000ed300000, 0x00000000ed400000, 0x00000000ed400000|100%| O|  |TAMS 0x00000000ed300000| PB 0x00000000ed300000| Untracked 
| 212|0x00000000ed400000, 0x00000000ed500000, 0x00000000ed500000|100%| O|  |TAMS 0x00000000ed400000| PB 0x00000000ed400000| Untracked 
| 213|0x00000000ed500000, 0x00000000ed600000, 0x00000000ed600000|100%| O|  |TAMS 0x00000000ed500000| PB 0x00000000ed500000| Untracked 
| 214|0x00000000ed600000, 0x00000000ed700000, 0x00000000ed700000|100%| O|  |TAMS 0x00000000ed600000| PB 0x00000000ed600000| Untracked 
| 215|0x00000000ed700000, 0x00000000ed800000, 0x00000000ed800000|100%| O|  |TAMS 0x00000000ed700000| PB 0x00000000ed700000| Untracked 
| 216|0x00000000ed800000, 0x00000000ed900000, 0x00000000ed900000|100%| O|  |TAMS 0x00000000ed800000| PB 0x00000000ed800000| Untracked 
| 217|0x00000000ed900000, 0x00000000eda00000, 0x00000000eda00000|100%| S|CS|TAMS 0x00000000ed900000| PB 0x00000000ed900000| Complete 
| 218|0x00000000eda00000, 0x00000000edb00000, 0x00000000edb00000|100%| S|CS|TAMS 0x00000000eda00000| PB 0x00000000eda00000| Complete 
| 219|0x00000000edb00000, 0x00000000edc00000, 0x00000000edc00000|100%| S|CS|TAMS 0x00000000edb00000| PB 0x00000000edb00000| Complete 
| 220|0x00000000edc00000, 0x00000000edd00000, 0x00000000edd00000|100%| S|CS|TAMS 0x00000000edc00000| PB 0x00000000edc00000| Complete 
| 221|0x00000000edd00000, 0x00000000ede00000, 0x00000000ede00000|100%| S|CS|TAMS 0x00000000edd00000| PB 0x00000000edd00000| Complete 
| 222|0x00000000ede00000, 0x00000000edf00000, 0x00000000edf00000|100%| S|CS|TAMS 0x00000000ede00000| PB 0x00000000ede00000| Complete 
| 223|0x00000000edf00000, 0x00000000ee000000, 0x00000000ee000000|100%| S|CS|TAMS 0x00000000edf00000| PB 0x00000000edf00000| Complete 
| 224|0x00000000ee000000, 0x00000000ee100000, 0x00000000ee100000|100%| S|CS|TAMS 0x00000000ee000000| PB 0x00000000ee000000| Complete 
| 225|0x00000000ee100000, 0x00000000ee200000, 0x00000000ee200000|100%| S|CS|TAMS 0x00000000ee100000| PB 0x00000000ee100000| Complete 
| 226|0x00000000ee200000, 0x00000000ee200000, 0x00000000ee300000|  0%| F|  |TAMS 0x00000000ee200000| PB 0x00000000ee200000| Untracked 
| 227|0x00000000ee300000, 0x00000000ee300000, 0x00000000ee400000|  0%| F|  |TAMS 0x00000000ee300000| PB 0x00000000ee300000| Untracked 
| 228|0x00000000ee400000, 0x00000000ee400000, 0x00000000ee500000|  0%| F|  |TAMS 0x00000000ee400000| PB 0x00000000ee400000| Untracked 
| 229|0x00000000ee500000, 0x00000000ee500000, 0x00000000ee600000|  0%| F|  |TAMS 0x00000000ee500000| PB 0x00000000ee500000| Untracked 
| 230|0x00000000ee600000, 0x00000000ee600000, 0x00000000ee700000|  0%| F|  |TAMS 0x00000000ee600000| PB 0x00000000ee600000| Untracked 
| 231|0x00000000ee700000, 0x00000000ee700000, 0x00000000ee800000|  0%| F|  |TAMS 0x00000000ee700000| PB 0x00000000ee700000| Untracked 
| 232|0x00000000ee800000, 0x00000000ee800000, 0x00000000ee900000|  0%| F|  |TAMS 0x00000000ee800000| PB 0x00000000ee800000| Untracked 
| 233|0x00000000ee900000, 0x00000000ee900000, 0x00000000eea00000|  0%| F|  |TAMS 0x00000000ee900000| PB 0x00000000ee900000| Untracked 
| 234|0x00000000eea00000, 0x00000000eea00000, 0x00000000eeb00000|  0%| F|  |TAMS 0x00000000eea00000| PB 0x00000000eea00000| Untracked 
| 235|0x00000000eeb00000, 0x00000000eeb00000, 0x00000000eec00000|  0%| F|  |TAMS 0x00000000eeb00000| PB 0x00000000eeb00000| Untracked 
| 236|0x00000000eec00000, 0x00000000eec00000, 0x00000000eed00000|  0%| F|  |TAMS 0x00000000eec00000| PB 0x00000000eec00000| Untracked 
| 237|0x00000000eed00000, 0x00000000eed00000, 0x00000000eee00000|  0%| F|  |TAMS 0x00000000eed00000| PB 0x00000000eed00000| Untracked 
| 238|0x00000000eee00000, 0x00000000eee00000, 0x00000000eef00000|  0%| F|  |TAMS 0x00000000eee00000| PB 0x00000000eee00000| Untracked 
| 239|0x00000000eef00000, 0x00000000eef00000, 0x00000000ef000000|  0%| F|  |TAMS 0x00000000eef00000| PB 0x00000000eef00000| Untracked 
| 240|0x00000000ef000000, 0x00000000ef000000, 0x00000000ef100000|  0%| F|  |TAMS 0x00000000ef000000| PB 0x00000000ef000000| Untracked 
| 241|0x00000000ef100000, 0x00000000ef100000, 0x00000000ef200000|  0%| F|  |TAMS 0x00000000ef100000| PB 0x00000000ef100000| Untracked 
| 242|0x00000000ef200000, 0x00000000ef200000, 0x00000000ef300000|  0%| F|  |TAMS 0x00000000ef200000| PB 0x00000000ef200000| Untracked 
| 243|0x00000000ef300000, 0x00000000ef300000, 0x00000000ef400000|  0%| F|  |TAMS 0x00000000ef300000| PB 0x00000000ef300000| Untracked 
| 244|0x00000000ef400000, 0x00000000ef400000, 0x00000000ef500000|  0%| F|  |TAMS 0x00000000ef400000| PB 0x00000000ef400000| Untracked 
| 245|0x00000000ef500000, 0x00000000ef500000, 0x00000000ef600000|  0%| F|  |TAMS 0x00000000ef500000| PB 0x00000000ef500000| Untracked 
| 246|0x00000000ef600000, 0x00000000ef600000, 0x00000000ef700000|  0%| F|  |TAMS 0x00000000ef600000| PB 0x00000000ef600000| Untracked 
| 247|0x00000000ef700000, 0x00000000ef700000, 0x00000000ef800000|  0%| F|  |TAMS 0x00000000ef700000| PB 0x00000000ef700000| Untracked 
| 248|0x00000000ef800000, 0x00000000ef800000, 0x00000000ef900000|  0%| F|  |TAMS 0x00000000ef800000| PB 0x00000000ef800000| Untracked 
| 249|0x00000000ef900000, 0x00000000ef900000, 0x00000000efa00000|  0%| F|  |TAMS 0x00000000ef900000| PB 0x00000000ef900000| Untracked 
| 250|0x00000000efa00000, 0x00000000efa00000, 0x00000000efb00000|  0%| F|  |TAMS 0x00000000efa00000| PB 0x00000000efa00000| Untracked 
| 251|0x00000000efb00000, 0x00000000efb00000, 0x00000000efc00000|  0%| F|  |TAMS 0x00000000efb00000| PB 0x00000000efb00000| Untracked 
| 252|0x00000000efc00000, 0x00000000efc00000, 0x00000000efd00000|  0%| F|  |TAMS 0x00000000efc00000| PB 0x00000000efc00000| Untracked 
| 253|0x00000000efd00000, 0x00000000efd00000, 0x00000000efe00000|  0%| F|  |TAMS 0x00000000efd00000| PB 0x00000000efd00000| Untracked 
| 254|0x00000000efe00000, 0x00000000efe00000, 0x00000000eff00000|  0%| F|  |TAMS 0x00000000efe00000| PB 0x00000000efe00000| Untracked 
| 255|0x00000000eff00000, 0x00000000eff00000, 0x00000000f0000000|  0%| F|  |TAMS 0x00000000eff00000| PB 0x00000000eff00000| Untracked 
| 256|0x00000000f0000000, 0x00000000f0000000, 0x00000000f0100000|  0%| F|  |TAMS 0x00000000f0000000| PB 0x00000000f0000000| Untracked 
| 257|0x00000000f0100000, 0x00000000f0100000, 0x00000000f0200000|  0%| F|  |TAMS 0x00000000f0100000| PB 0x00000000f0100000| Untracked 
| 258|0x00000000f0200000, 0x00000000f0200000, 0x00000000f0300000|  0%| F|  |TAMS 0x00000000f0200000| PB 0x00000000f0200000| Untracked 
| 259|0x00000000f0300000, 0x00000000f0300000, 0x00000000f0400000|  0%| F|  |TAMS 0x00000000f0300000| PB 0x00000000f0300000| Untracked 
| 260|0x00000000f0400000, 0x00000000f0400000, 0x00000000f0500000|  0%| F|  |TAMS 0x00000000f0400000| PB 0x00000000f0400000| Untracked 
| 261|0x00000000f0500000, 0x00000000f0500000, 0x00000000f0600000|  0%| F|  |TAMS 0x00000000f0500000| PB 0x00000000f0500000| Untracked 
| 262|0x00000000f0600000, 0x00000000f0600000, 0x00000000f0700000|  0%| F|  |TAMS 0x00000000f0600000| PB 0x00000000f0600000| Untracked 
| 263|0x00000000f0700000, 0x00000000f0700000, 0x00000000f0800000|  0%| F|  |TAMS 0x00000000f0700000| PB 0x00000000f0700000| Untracked 
| 264|0x00000000f0800000, 0x00000000f0800000, 0x00000000f0900000|  0%| F|  |TAMS 0x00000000f0800000| PB 0x00000000f0800000| Untracked 
| 265|0x00000000f0900000, 0x00000000f0900000, 0x00000000f0a00000|  0%| F|  |TAMS 0x00000000f0900000| PB 0x00000000f0900000| Untracked 
| 266|0x00000000f0a00000, 0x00000000f0a00000, 0x00000000f0b00000|  0%| F|  |TAMS 0x00000000f0a00000| PB 0x00000000f0a00000| Untracked 
| 267|0x00000000f0b00000, 0x00000000f0b00000, 0x00000000f0c00000|  0%| F|  |TAMS 0x00000000f0b00000| PB 0x00000000f0b00000| Untracked 
| 268|0x00000000f0c00000, 0x00000000f0c00000, 0x00000000f0d00000|  0%| F|  |TAMS 0x00000000f0c00000| PB 0x00000000f0c00000| Untracked 
| 269|0x00000000f0d00000, 0x00000000f0d20058, 0x00000000f0e00000| 12%| E|  |TAMS 0x00000000f0d00000| PB 0x00000000f0d00000| Complete 
| 270|0x00000000f0e00000, 0x00000000f0f00000, 0x00000000f0f00000|100%| E|CS|TAMS 0x00000000f0e00000| PB 0x00000000f0e00000| Complete 
| 271|0x00000000f0f00000, 0x00000000f1000000, 0x00000000f1000000|100%| E|CS|TAMS 0x00000000f0f00000| PB 0x00000000f0f00000| Complete 
| 272|0x00000000f1000000, 0x00000000f1100000, 0x00000000f1100000|100%| E|CS|TAMS 0x00000000f1000000| PB 0x00000000f1000000| Complete 
| 273|0x00000000f1100000, 0x00000000f1200000, 0x00000000f1200000|100%| E|CS|TAMS 0x00000000f1100000| PB 0x00000000f1100000| Complete 
| 274|0x00000000f1200000, 0x00000000f1300000, 0x00000000f1300000|100%| E|CS|TAMS 0x00000000f1200000| PB 0x00000000f1200000| Complete 
| 275|0x00000000f1300000, 0x00000000f1400000, 0x00000000f1400000|100%| E|CS|TAMS 0x00000000f1300000| PB 0x00000000f1300000| Complete 
| 276|0x00000000f1400000, 0x00000000f1500000, 0x00000000f1500000|100%| E|CS|TAMS 0x00000000f1400000| PB 0x00000000f1400000| Complete 
| 277|0x00000000f1500000, 0x00000000f1600000, 0x00000000f1600000|100%| E|CS|TAMS 0x00000000f1500000| PB 0x00000000f1500000| Complete 
| 278|0x00000000f1600000, 0x00000000f1700000, 0x00000000f1700000|100%| E|CS|TAMS 0x00000000f1600000| PB 0x00000000f1600000| Complete 
| 279|0x00000000f1700000, 0x00000000f1800000, 0x00000000f1800000|100%| E|CS|TAMS 0x00000000f1700000| PB 0x00000000f1700000| Complete 
| 280|0x00000000f1800000, 0x00000000f1900000, 0x00000000f1900000|100%| E|CS|TAMS 0x00000000f1800000| PB 0x00000000f1800000| Complete 
| 281|0x00000000f1900000, 0x00000000f1a00000, 0x00000000f1a00000|100%| E|CS|TAMS 0x00000000f1900000| PB 0x00000000f1900000| Complete 
| 468|0x00000000fd400000, 0x00000000fd500000, 0x00000000fd500000|100%| O|  |TAMS 0x00000000fd400000| PB 0x00000000fd400000| Untracked 
| 469|0x00000000fd500000, 0x00000000fd600000, 0x00000000fd600000|100%| O|  |TAMS 0x00000000fd500000| PB 0x00000000fd500000| Untracked 
| 470|0x00000000fd600000, 0x00000000fd700000, 0x00000000fd700000|100%| O|  |TAMS 0x00000000fd697100| PB 0x00000000fd697100| Updating 
| 471|0x00000000fd700000, 0x00000000fd800000, 0x00000000fd800000|100%| O|  |TAMS 0x00000000fd800000| PB 0x00000000fd800000| Updating 
| 472|0x00000000fd800000, 0x00000000fd900000, 0x00000000fd900000|100%| O|  |TAMS 0x00000000fd900000| PB 0x00000000fd900000| Updating 
| 473|0x00000000fd900000, 0x00000000fda00000, 0x00000000fda00000|100%| O|  |TAMS 0x00000000fda00000| PB 0x00000000fda00000| Untracked 
| 474|0x00000000fda00000, 0x00000000fdb00000, 0x00000000fdb00000|100%| O|  |TAMS 0x00000000fdb00000| PB 0x00000000fdb00000| Untracked 
| 475|0x00000000fdb00000, 0x00000000fdc00000, 0x00000000fdc00000|100%| O|  |TAMS 0x00000000fdc00000| PB 0x00000000fdc00000| Untracked 
| 476|0x00000000fdc00000, 0x00000000fdd00000, 0x00000000fdd00000|100%| O|  |TAMS 0x00000000fdd00000| PB 0x00000000fdd00000| Untracked 
| 477|0x00000000fdd00000, 0x00000000fde00000, 0x00000000fde00000|100%| O|  |TAMS 0x00000000fde00000| PB 0x00000000fde00000| Untracked 
| 478|0x00000000fde00000, 0x00000000fdf00000, 0x00000000fdf00000|100%| O|  |TAMS 0x00000000fdf00000| PB 0x00000000fdf00000| Untracked 
| 479|0x00000000fdf00000, 0x00000000fe000000, 0x00000000fe000000|100%| O|  |TAMS 0x00000000fe000000| PB 0x00000000fe000000| Untracked 
| 480|0x00000000fe000000, 0x00000000fe100000, 0x00000000fe100000|100%| O|  |TAMS 0x00000000fe100000| PB 0x00000000fe100000| Untracked 
| 481|0x00000000fe100000, 0x00000000fe200000, 0x00000000fe200000|100%| O|  |TAMS 0x00000000fe200000| PB 0x00000000fe200000| Untracked 
| 482|0x00000000fe200000, 0x00000000fe300000, 0x00000000fe300000|100%| O|  |TAMS 0x00000000fe300000| PB 0x00000000fe300000| Untracked 
| 483|0x00000000fe300000, 0x00000000fe400000, 0x00000000fe400000|100%| O|  |TAMS 0x00000000fe400000| PB 0x00000000fe400000| Untracked 
| 484|0x00000000fe400000, 0x00000000fe500000, 0x00000000fe500000|100%| O|  |TAMS 0x00000000fe500000| PB 0x00000000fe500000| Untracked 
| 485|0x00000000fe500000, 0x00000000fe600000, 0x00000000fe600000|100%| O|  |TAMS 0x00000000fe600000| PB 0x00000000fe600000| Untracked 
| 486|0x00000000fe600000, 0x00000000fe700000, 0x00000000fe700000|100%| O|  |TAMS 0x00000000fe700000| PB 0x00000000fe700000| Untracked 
| 487|0x00000000fe700000, 0x00000000fe800000, 0x00000000fe800000|100%| O|  |TAMS 0x00000000fe800000| PB 0x00000000fe800000| Untracked 
| 488|0x00000000fe800000, 0x00000000fe900000, 0x00000000fe900000|100%| O|  |TAMS 0x00000000fe900000| PB 0x00000000fe900000| Untracked 
| 489|0x00000000fe900000, 0x00000000fea00000, 0x00000000fea00000|100%| O|  |TAMS 0x00000000fea00000| PB 0x00000000fea00000| Untracked 
| 490|0x00000000fea00000, 0x00000000feb00000, 0x00000000feb00000|100%| O|  |TAMS 0x00000000feb00000| PB 0x00000000feb00000| Updating 
| 491|0x00000000feb00000, 0x00000000fec00000, 0x00000000fec00000|100%| O|  |TAMS 0x00000000fec00000| PB 0x00000000fec00000| Updating 
| 492|0x00000000fec00000, 0x00000000fed00000, 0x00000000fed00000|100%| O|  |TAMS 0x00000000fed00000| PB 0x00000000fed00000| Updating 
| 493|0x00000000fed00000, 0x00000000fee00000, 0x00000000fee00000|100%| O|  |TAMS 0x00000000fee00000| PB 0x00000000fee00000| Untracked 
| 494|0x00000000fee00000, 0x00000000fef00000, 0x00000000fef00000|100%| O|  |TAMS 0x00000000fef00000| PB 0x00000000fef00000| Untracked 
| 495|0x00000000fef00000, 0x00000000ff000000, 0x00000000ff000000|100%| O|  |TAMS 0x00000000ff000000| PB 0x00000000ff000000| Untracked 
| 496|0x00000000ff000000, 0x00000000ff100000, 0x00000000ff100000|100%| O|  |TAMS 0x00000000ff100000| PB 0x00000000ff100000| Untracked 
| 497|0x00000000ff100000, 0x00000000ff200000, 0x00000000ff200000|100%| O|  |TAMS 0x00000000ff200000| PB 0x00000000ff200000| Untracked 
| 498|0x00000000ff200000, 0x00000000ff300000, 0x00000000ff300000|100%| O|  |TAMS 0x00000000ff300000| PB 0x00000000ff300000| Updating 
| 499|0x00000000ff300000, 0x00000000ff400000, 0x00000000ff400000|100%| O|  |TAMS 0x00000000ff400000| PB 0x00000000ff400000| Untracked 
| 500|0x00000000ff400000, 0x00000000ff500000, 0x00000000ff500000|100%| O|  |TAMS 0x00000000ff500000| PB 0x00000000ff500000| Untracked 
| 501|0x00000000ff500000, 0x00000000ff600000, 0x00000000ff600000|100%| O|  |TAMS 0x00000000ff600000| PB 0x00000000ff600000| Untracked 
| 502|0x00000000ff600000, 0x00000000ff700000, 0x00000000ff700000|100%| O|  |TAMS 0x00000000ff700000| PB 0x00000000ff700000| Updating 
| 503|0x00000000ff700000, 0x00000000ff800000, 0x00000000ff800000|100%| E|CS|TAMS 0x00000000ff700000| PB 0x00000000ff700000| Complete 
| 504|0x00000000ff800000, 0x00000000ff900000, 0x00000000ff900000|100%| O|  |TAMS 0x00000000ff900000| PB 0x00000000ff900000| Updating 
| 505|0x00000000ff900000, 0x00000000ffa00000, 0x00000000ffa00000|100%| O|  |TAMS 0x00000000ffa00000| PB 0x00000000ffa00000| Updating 
| 506|0x00000000ffa00000, 0x00000000ffb00000, 0x00000000ffb00000|100%| O|  |TAMS 0x00000000ffb00000| PB 0x00000000ffb00000| Untracked 
| 507|0x00000000ffb00000, 0x00000000ffc00000, 0x00000000ffc00000|100%| O|  |TAMS 0x00000000ffc00000| PB 0x00000000ffc00000| Updating 
| 508|0x00000000ffc00000, 0x00000000ffd00000, 0x00000000ffd00000|100%| O|  |TAMS 0x00000000ffd00000| PB 0x00000000ffd00000| Updating 
| 509|0x00000000ffd00000, 0x00000000ffe00000, 0x00000000ffe00000|100%| E|CS|TAMS 0x00000000ffd00000| PB 0x00000000ffd00000| Complete 
| 510|0x00000000ffe00000, 0x00000000fff00000, 0x00000000fff00000|100%| E|CS|TAMS 0x00000000ffe00000| PB 0x00000000ffe00000| Complete 
| 511|0x00000000fff00000, 0x0000000100000000, 0x0000000100000000|100%| E|CS|TAMS 0x00000000fff00000| PB 0x00000000fff00000| Complete 

Card table byte_map: [0x000001ce7aff0000,0x000001ce7b0f0000] _byte_map_base: 0x000001ce7a8f0000

Marking Bits: (CMBitMap*) 0x000001ce76da7070
 Bits: [0x000001ce7b0f0000, 0x000001ce7b8f0000)

Polling page: 0x000001ce74d70000

Metaspace:

Usage:
  Non-class:    121.71 MB used.
      Class:     19.90 MB used.
       Both:    141.61 MB used.

Virtual space:
  Non-class space:      128.00 MB reserved,     122.38 MB ( 96%) committed,  2 nodes.
      Class space:      320.00 MB reserved,      20.50 MB (  6%) committed,  1 nodes.
             Both:      448.00 MB reserved,     142.88 MB ( 32%) committed. 

Chunk freelists:
   Non-Class:  5.00 MB
       Class:  11.45 MB
        Both:  16.45 MB

MaxMetaspaceSize: 384.00 MB
CompressedClassSpaceSize: 320.00 MB
Initial GC threshold: 21.00 MB
Current GC threshold: 235.25 MB
CDS: on
 - commit_granule_bytes: 65536.
 - commit_granule_words: 8192.
 - virtual_space_node_default_size: 8388608.
 - enlarge_chunks_in_place: 1.
 - use_allocation_guard: 0.


Internal statistics:

num_allocs_failed_limit: 15.
num_arena_births: 4978.
num_arena_deaths: 2836.
num_vsnodes_births: 3.
num_vsnodes_deaths: 0.
num_space_committed: 2285.
num_space_uncommitted: 0.
num_chunks_returned_to_freelist: 3310.
num_chunks_taken_from_freelist: 12904.
num_chunk_merges: 1227.
num_chunk_splits: 7642.
num_chunks_enlarged: 4991.
num_inconsistent_stats: 0.

CodeHeap 'non-profiled nmethods': size=120000Kb used=8025Kb max_used=11335Kb free=111974Kb
 bounds [0x000001ce07ad0000, 0x000001ce08620000, 0x000001ce0f000000]
CodeHeap 'profiled nmethods': size=120000Kb used=21808Kb max_used=35846Kb free=98191Kb
 bounds [0x000001ce00000000, 0x000001ce02310000, 0x000001ce07530000]
CodeHeap 'non-nmethods': size=5760Kb used=2951Kb max_used=3019Kb free=2808Kb
 bounds [0x000001ce07530000, 0x000001ce07830000, 0x000001ce07ad0000]
CodeCache: size=245760Kb, used=32784Kb, max_used=50200Kb, free=212973Kb
 total_blobs=11726, nmethods=10563, adapters=1066, full_count=0
Compilation: enabled, stopped_count=0, restarted_count=0

Compilation events (20 events):
Event: 405.657 Thread 0x000001ce7e70efd0 25442       3       com.android.tools.r8.graph.la::b (26 bytes)
Event: 405.658 Thread 0x000001ce7e70efd0 nmethod 25442 0x000001ce00933c90 code [0x000001ce00933f00, 0x000001ce00934b18]
Event: 405.658 Thread 0x000001ce7e70efd0 25444       2       java.util.concurrent.ForkJoinPool$WorkQueue::forgetSource (12 bytes)
Event: 405.658 Thread 0x000001ce7e70efd0 nmethod 25444 0x000001ce00e85c90 code [0x000001ce00e85e40, 0x000001ce00e85f80]
Event: 405.659 Thread 0x000001ce7e70efd0 25445   !   3       java.util.concurrent.ForkJoinTask$InterruptibleTask::exec (84 bytes)
Event: 405.659 Thread 0x000001ce7e70efd0 nmethod 25445 0x000001ce0029d690 code [0x000001ce0029d900, 0x000001ce0029e768]
Event: 405.659 Thread 0x000001ce7e70efd0 25449       3       java.util.concurrent.ForkJoinTask::signalWaiters (51 bytes)
Event: 405.660 Thread 0x000001ce7e70efd0 nmethod 25449 0x000001ce00873e90 code [0x000001ce008740a0, 0x000001ce008746c0]
Event: 405.660 Thread 0x000001ce7e70efd0 25448       3       java.util.concurrent.ForkJoinTask::getAndBitwiseOrStatus (12 bytes)
Event: 405.660 Thread 0x000001ce7e70efd0 nmethod 25448 0x000001ce00ef2990 code [0x000001ce00ef2b60, 0x000001ce00ef2e28]
Event: 405.660 Thread 0x000001ce7e70efd0 25450       3       java.util.concurrent.ForkJoinPool$WorkQueue::nextLocalTask (158 bytes)
Event: 405.660 Thread 0x000001ce7e70efd0 nmethod 25450 0x000001ce00734290 code [0x000001ce007344a0, 0x000001ce00734cf0]
Event: 405.662 Thread 0x000001ce7e70efd0 25451   !   2       java.util.concurrent.ForkJoinTask::awaitDone (350 bytes)
Event: 405.663 Thread 0x000001ce7e70efd0 nmethod 25451 0x000001ce00623610 code [0x000001ce006238c0, 0x000001ce00624510]
Event: 405.663 Thread 0x000001ce7e70efd0 25452       3       com.android.tools.r8.graph.na::b (64 bytes)
Event: 405.664 Thread 0x000001ce7e70efd0 nmethod 25452 0x000001ce00877010 code [0x000001ce00877260, 0x000001ce00877cf8]
Event: 405.668 Thread 0x000001ce7e70efd0 25453       2       java.util.concurrent.ForkJoinPool::awaitWork (627 bytes)
Event: 405.670 Thread 0x000001ce7e70efd0 nmethod 25453 0x000001ce007e5590 code [0x000001ce007e57e0, 0x000001ce007e6518]
Event: 405.670 Thread 0x000001ce7e70efd0 25454       3       java.util.concurrent.ForkJoinTask::isDone (13 bytes)
Event: 405.670 Thread 0x000001ce7e70efd0 nmethod 25454 0x000001ce00f3de10 code [0x000001ce00f3dfa0, 0x000001ce00f3e100]

GC Heap History (20 events):
Event: 399.468 GC heap before
{Heap before GC invocations=26 (full 0):
 garbage-first heap   total 280576K, used 256340K [0x00000000e0000000, 0x0000000100000000)
  region size 1024K, 100 young (102400K), 5 survivors (5120K)
 Metaspace       used 138304K, committed 139648K, reserved 458752K
  class space    used 19638K, committed 20288K, reserved 327680K
}
Event: 399.478 GC heap after
{Heap after GC invocations=27 (full 0):
 garbage-first heap   total 280576K, used 167332K [0x00000000e0000000, 0x0000000100000000)
  region size 1024K, 12 young (12288K), 12 survivors (12288K)
 Metaspace       used 138304K, committed 139648K, reserved 458752K
  class space    used 19638K, committed 20288K, reserved 327680K
}
Event: 400.331 GC heap before
{Heap before GC invocations=28 (full 0):
 garbage-first heap   total 281600K, used 257444K [0x00000000e0000000, 0x0000000100000000)
  region size 1024K, 100 young (102400K), 12 survivors (12288K)
 Metaspace       used 142049K, committed 143360K, reserved 458752K
  class space    used 20108K, committed 20736K, reserved 327680K
}
Event: 400.344 GC heap after
{Heap after GC invocations=29 (full 0):
 garbage-first heap   total 281600K, used 168535K [0x00000000e0000000, 0x0000000100000000)
  region size 1024K, 2 young (2048K), 2 survivors (2048K)
 Metaspace       used 142049K, committed 143360K, reserved 458752K
  class space    used 20108K, committed 20736K, reserved 327680K
}
Event: 401.066 GC heap before
{Heap before GC invocations=29 (full 0):
 garbage-first heap   total 281600K, used 261719K [0x00000000e0000000, 0x0000000100000000)
  region size 1024K, 94 young (96256K), 2 survivors (2048K)
 Metaspace       used 142698K, committed 143936K, reserved 458752K
  class space    used 20137K, committed 20736K, reserved 327680K
}
Event: 401.078 GC heap after
{Heap after GC invocations=30 (full 0):
 garbage-first heap   total 281600K, used 163147K [0x00000000e0000000, 0x0000000100000000)
  region size 1024K, 2 young (2048K), 2 survivors (2048K)
 Metaspace       used 142698K, committed 143936K, reserved 458752K
  class space    used 20137K, committed 20736K, reserved 327680K
}
Event: 402.071 GC heap before
{Heap before GC invocations=30 (full 0):
 garbage-first heap   total 281600K, used 264523K [0x00000000e0000000, 0x0000000100000000)
  region size 1024K, 101 young (103424K), 2 survivors (2048K)
 Metaspace       used 142969K, committed 144320K, reserved 458752K
  class space    used 20150K, committed 20800K, reserved 327680K
}
Event: 402.075 GC heap after
{Heap after GC invocations=31 (full 0):
 garbage-first heap   total 281600K, used 163220K [0x00000000e0000000, 0x0000000100000000)
  region size 1024K, 2 young (2048K), 2 survivors (2048K)
 Metaspace       used 142969K, committed 144320K, reserved 458752K
  class space    used 20150K, committed 20800K, reserved 327680K
}
Event: 403.385 GC heap before
{Heap before GC invocations=32 (full 0):
 garbage-first heap   total 281600K, used 265620K [0x00000000e0000000, 0x0000000100000000)
  region size 1024K, 102 young (104448K), 2 survivors (2048K)
 Metaspace       used 143024K, committed 144384K, reserved 458752K
  class space    used 20151K, committed 20800K, reserved 327680K
}
Event: 403.389 GC heap after
{Heap after GC invocations=33 (full 0):
 garbage-first heap   total 281600K, used 163680K [0x00000000e0000000, 0x0000000100000000)
  region size 1024K, 2 young (2048K), 2 survivors (2048K)
 Metaspace       used 143024K, committed 144384K, reserved 458752K
  class space    used 20151K, committed 20800K, reserved 327680K
}
Event: 404.192 GC heap before
{Heap before GC invocations=33 (full 0):
 garbage-first heap   total 281600K, used 266080K [0x00000000e0000000, 0x0000000100000000)
  region size 1024K, 102 young (104448K), 2 survivors (2048K)
 Metaspace       used 143070K, committed 144448K, reserved 458752K
  class space    used 20155K, committed 20800K, reserved 327680K
}
Event: 404.202 GC heap after
{Heap after GC invocations=34 (full 0):
 garbage-first heap   total 281600K, used 159789K [0x00000000e0000000, 0x0000000100000000)
  region size 1024K, 3 young (3072K), 3 survivors (3072K)
 Metaspace       used 143070K, committed 144448K, reserved 458752K
  class space    used 20155K, committed 20800K, reserved 327680K
}
Event: 404.663 GC heap before
{Heap before GC invocations=34 (full 0):
 garbage-first heap   total 281600K, used 265261K [0x00000000e0000000, 0x0000000100000000)
  region size 1024K, 106 young (108544K), 3 survivors (3072K)
 Metaspace       used 143094K, committed 144448K, reserved 458752K
  class space    used 20156K, committed 20800K, reserved 327680K
}
Event: 404.667 GC heap after
{Heap after GC invocations=35 (full 0):
 garbage-first heap   total 281600K, used 160082K [0x00000000e0000000, 0x0000000100000000)
  region size 1024K, 3 young (3072K), 3 survivors (3072K)
 Metaspace       used 143094K, committed 144448K, reserved 458752K
  class space    used 20156K, committed 20800K, reserved 327680K
}
Event: 405.214 GC heap before
{Heap before GC invocations=36 (full 0):
 garbage-first heap   total 281600K, used 279890K [0x00000000e0000000, 0x0000000100000000)
  region size 1024K, 74 young (75776K), 3 survivors (3072K)
 Metaspace       used 144346K, committed 145664K, reserved 458752K
  class space    used 20295K, committed 20928K, reserved 327680K
}
Event: 405.223 GC heap after
{Heap after GC invocations=37 (full 0):
 garbage-first heap   total 299008K, used 201162K [0x00000000e0000000, 0x0000000100000000)
  region size 1024K, 14 young (14336K), 14 survivors (14336K)
 Metaspace       used 144346K, committed 145664K, reserved 458752K
  class space    used 20295K, committed 20928K, reserved 327680K
}
Event: 405.426 GC heap before
{Heap before GC invocations=37 (full 0):
 garbage-first heap   total 299008K, used 280010K [0x00000000e0000000, 0x0000000100000000)
  region size 1024K, 89 young (91136K), 14 survivors (14336K)
 Metaspace       used 144858K, committed 146176K, reserved 458752K
  class space    used 20368K, committed 20992K, reserved 327680K
}
Event: 405.460 GC heap after
{Heap after GC invocations=38 (full 0):
 garbage-first heap   total 331776K, used 232028K [0x00000000e0000000, 0x0000000100000000)
  region size 1024K, 12 young (12288K), 12 survivors (12288K)
 Metaspace       used 144858K, committed 146176K, reserved 458752K
  class space    used 20368K, committed 20992K, reserved 327680K
}
Event: 405.537 GC heap before
{Heap before GC invocations=38 (full 0):
 garbage-first heap   total 331776K, used 289372K [0x00000000e0000000, 0x0000000100000000)
  region size 1024K, 69 young (70656K), 12 survivors (12288K)
 Metaspace       used 144890K, committed 146176K, reserved 458752K
  class space    used 20368K, committed 20992K, reserved 327680K
}
Event: 405.564 GC heap after
{Heap after GC invocations=39 (full 0):
 garbage-first heap   total 333824K, used 263168K [0x00000000e0000000, 0x0000000100000000)
  region size 1024K, 9 young (9216K), 9 survivors (9216K)
 Metaspace       used 144890K, committed 146176K, reserved 458752K
  class space    used 20368K, committed 20992K, reserved 327680K
}

Dll operation events (4 events):
Event: 0.018 Loaded shared library C:\Users\ismail\.jdks\jbr-21.0.11\bin\java.dll
Event: 0.058 Loaded shared library C:\Users\ismail\.jdks\jbr-21.0.11\bin\jsvml.dll
Event: 0.078 Loaded shared library C:\Users\ismail\.jdks\jbr-21.0.11\bin\zip.dll
Event: 0.617 Loaded shared library C:\Users\ismail\.jdks\jbr-21.0.11\bin\verify.dll

Deoptimization events (20 events):
Event: 405.327 Thread 0x000001ce35475620 DEOPT PACKING pc=0x000001ce07ebb25c sp=0x0000007b120feae0
Event: 405.327 Thread 0x000001ce35475620 DEOPT UNPACKING pc=0x000001ce07584422 sp=0x0000007b120fea20 mode 2
Event: 405.340 Thread 0x000001ce35474270 Uncommon trap: trap_request=0xffffff45 fr.pc=0x000001ce07c74310 relative=0x0000000000000070
Event: 405.340 Thread 0x000001ce35474270 Uncommon trap: reason=unstable_if action=reinterpret pc=0x000001ce07c74310 method=com.android.tools.r8.internal.bl1$f.b()Z @ 4 c2
Event: 405.340 Thread 0x000001ce35474270 DEOPT PACKING pc=0x000001ce07c74310 sp=0x0000007b121fe6c0
Event: 405.340 Thread 0x000001ce35474270 DEOPT UNPACKING pc=0x000001ce07584422 sp=0x0000007b121fe648 mode 2
Event: 405.350 Thread 0x000001ce35479130 Uncommon trap: trap_request=0xffffff45 fr.pc=0x000001ce081b2490 relative=0x00000000000003d0
Event: 405.350 Thread 0x000001ce35479130 Uncommon trap: reason=unstable_if action=reinterpret pc=0x000001ce081b2490 method=java.util.concurrent.ConcurrentLinkedQueue.offer(Ljava/lang/Object;)Z @ 96 c2
Event: 405.350 Thread 0x000001ce35479130 DEOPT PACKING pc=0x000001ce081b2490 sp=0x0000007b12afe8c0
Event: 405.350 Thread 0x000001ce35479130 DEOPT UNPACKING pc=0x000001ce07584422 sp=0x0000007b12afe800 mode 2
Event: 405.567 Thread 0x000001ce35479e50 Uncommon trap: trap_request=0xffffff45 fr.pc=0x000001ce07e7bafc relative=0x000000000000005c
Event: 405.567 Thread 0x000001ce35479e50 Uncommon trap: reason=unstable_if action=reinterpret pc=0x000001ce07e7bafc method=java.lang.Float.isNaN(F)Z @ 3 c2
Event: 405.567 Thread 0x000001ce35479e50 DEOPT PACKING pc=0x000001ce07e7bafc sp=0x0000007b12bfe920
Event: 405.567 Thread 0x000001ce35479e50 DEOPT UNPACKING pc=0x000001ce07584422 sp=0x0000007b12bfe8b0 mode 2
Event: 405.649 Thread 0x000001ce2c3ea5a0 Uncommon trap: trap_request=0xffffff45 fr.pc=0x000001ce07db8f48 relative=0x00000000000000a8
Event: 405.649 Thread 0x000001ce2c3ea5a0 Uncommon trap: reason=unstable_if action=reinterpret pc=0x000001ce07db8f48 method=com.android.tools.r8.internal.bl1$f.b()Z @ 4 c2
Event: 405.649 Thread 0x000001ce2c3ea5a0 DEOPT PACKING pc=0x000001ce07db8f48 sp=0x0000007b10ffdac0
Event: 405.649 Thread 0x000001ce2c3ea5a0 DEOPT UNPACKING pc=0x000001ce07584422 sp=0x0000007b10ffd9f8 mode 2
Event: 405.663 Thread 0x000001ce35475cb0 DEOPT PACKING pc=0x000001ce004eb819 sp=0x0000007b124feb30
Event: 405.663 Thread 0x000001ce35475cb0 DEOPT UNPACKING pc=0x000001ce07584bc2 sp=0x0000007b124fdfc8 mode 0

Classes loaded (20 events):
Event: 397.968 Loading class java/util/zip/Deflater$DeflaterZStreamRef
Event: 397.968 Loading class java/util/zip/Deflater$DeflaterZStreamRef done
Event: 397.981 Loading class java/util/TreeMap$NavigableSubMap$SubMapKeyIterator
Event: 397.981 Loading class java/util/TreeMap$NavigableSubMap$SubMapKeyIterator done
Event: 399.335 Loading class java/util/SortedSet$1
Event: 399.335 Loading class java/util/SortedSet$1 done
Event: 400.203 Loading class java/nio/ByteBufferAsShortBufferL
Event: 400.214 Loading class java/nio/ByteBufferAsShortBufferL done
Event: 400.268 Loading class java/util/zip/Adler32
Event: 400.269 Loading class java/util/zip/Adler32 done
Event: 405.001 Loading class java/nio/channels/Channels$WritableByteChannelImpl
Event: 405.002 Loading class java/nio/channels/Channels$WritableByteChannelImpl done
Event: 405.003 Loading class java/util/Collections$UnmodifiableSortedMap
Event: 405.003 Loading class java/util/Collections$UnmodifiableSortedMap done
Event: 405.093 Loading class java/nio/BufferUnderflowException
Event: 405.094 Loading class java/nio/BufferUnderflowException done
Event: 405.318 Loading class java/util/concurrent/ForkJoinTask$AdaptedInterruptibleCallable
Event: 405.320 Loading class java/util/concurrent/ForkJoinTask$AdaptedInterruptibleCallable done
Event: 405.335 Loading class java/nio/HeapShortBuffer
Event: 405.335 Loading class java/nio/HeapShortBuffer done

Classes unloaded (20 events):
Event: 397.289 Thread 0x000001ce7e58e920 Unloading class 0x000001ce1207dc00 'jdk/internal/reflect/GeneratedSerializationConstructorAccessor131'
Event: 397.289 Thread 0x000001ce7e58e920 Unloading class 0x000001ce1207d800 'jdk/internal/reflect/GeneratedSerializationConstructorAccessor130'
Event: 397.289 Thread 0x000001ce7e58e920 Unloading class 0x000001ce1207d400 'jdk/internal/reflect/GeneratedSerializationConstructorAccessor129'
Event: 397.289 Thread 0x000001ce7e58e920 Unloading class 0x000001ce1207d000 'jdk/internal/reflect/GeneratedSerializationConstructorAccessor128'
Event: 397.289 Thread 0x000001ce7e58e920 Unloading class 0x000001ce1207cc00 'jdk/internal/reflect/GeneratedSerializationConstructorAccessor127'
Event: 397.289 Thread 0x000001ce7e58e920 Unloading class 0x000001ce1207c800 'jdk/internal/reflect/GeneratedSerializationConstructorAccessor126'
Event: 397.289 Thread 0x000001ce7e58e920 Unloading class 0x000001ce1207c400 'jdk/internal/reflect/GeneratedSerializationConstructorAccessor125'
Event: 397.289 Thread 0x000001ce7e58e920 Unloading class 0x000001ce1207c000 'jdk/internal/reflect/GeneratedSerializationConstructorAccessor124'
Event: 397.289 Thread 0x000001ce7e58e920 Unloading class 0x000001ce12050000 'jdk/internal/reflect/GeneratedSerializationConstructorAccessor123'
Event: 397.289 Thread 0x000001ce7e58e920 Unloading class 0x000001ce1204c800 'jdk/internal/reflect/GeneratedSerializationConstructorAccessor122'
Event: 397.289 Thread 0x000001ce7e58e920 Unloading class 0x000001ce1204c400 'jdk/internal/reflect/GeneratedSerializationConstructorAccessor121'
Event: 397.289 Thread 0x000001ce7e58e920 Unloading class 0x000001ce11250000 'java/lang/invoke/LambdaForm$MH+0x000001ce11250000'
Event: 397.289 Thread 0x000001ce7e58e920 Unloading class 0x000001ce1115e000 'jdk/internal/reflect/GeneratedSerializationConstructorAccessor6'
Event: 397.289 Thread 0x000001ce7e58e920 Unloading class 0x000001ce1115d000 'jdk/internal/reflect/GeneratedSerializationConstructorAccessor2'
Event: 402.183 Thread 0x000001ce7e58e920 Unloading class 0x000001ce1239cc00 'java/lang/invoke/LambdaForm$DMH+0x000001ce1239cc00'
Event: 402.183 Thread 0x000001ce7e58e920 Unloading class 0x000001ce1239c800 'java/lang/invoke/LambdaForm$DMH+0x000001ce1239c800'
Event: 402.183 Thread 0x000001ce7e58e920 Unloading class 0x000001ce1239c400 'java/lang/invoke/LambdaForm$DMH+0x000001ce1239c400'
Event: 402.183 Thread 0x000001ce7e58e920 Unloading class 0x000001ce122e8c00 'java/lang/invoke/LambdaForm$DMH+0x000001ce122e8c00'
Event: 402.183 Thread 0x000001ce7e58e920 Unloading class 0x000001ce122e8000 'java/lang/invoke/LambdaForm$DMH+0x000001ce122e8000'
Event: 402.183 Thread 0x000001ce7e58e920 Unloading class 0x000001ce122e8800 'java/lang/invoke/LambdaForm$DMH+0x000001ce122e8800'

Classes redefined (0 events):
No events

Internal exceptions (20 events):
Event: 404.983 Thread 0x000001ce2965c390 Exception <a 'sun/nio/fs/WindowsException'{0x00000000ef0b7f70}> (0x00000000ef0b7f70) 
thrown [s\src\hotspot\share\prims\jni.cpp, line 537]
Event: 404.983 Thread 0x000001ce2965c390 Exception <a 'sun/nio/fs/WindowsException'{0x00000000ef0b8808}> (0x00000000ef0b8808) 
thrown [s\src\hotspot\share\prims\jni.cpp, line 537]
Event: 404.983 Thread 0x000001ce2965c390 Exception <a 'sun/nio/fs/WindowsException'{0x00000000ef0b90a0}> (0x00000000ef0b90a0) 
thrown [s\src\hotspot\share\prims\jni.cpp, line 537]
Event: 404.984 Thread 0x000001ce2965c390 Exception <a 'sun/nio/fs/WindowsException'{0x00000000ef0dc080}> (0x00000000ef0dc080) 
thrown [s\src\hotspot\share\prims\jni.cpp, line 537]
Event: 404.984 Thread 0x000001ce2965c390 Exception <a 'sun/nio/fs/WindowsException'{0x00000000ef0dc918}> (0x00000000ef0dc918) 
thrown [s\src\hotspot\share\prims\jni.cpp, line 537]
Event: 404.984 Thread 0x000001ce2965c390 Exception <a 'sun/nio/fs/WindowsException'{0x00000000ef0dd1b0}> (0x00000000ef0dd1b0) 
thrown [s\src\hotspot\share\prims\jni.cpp, line 537]
Event: 404.985 Thread 0x000001ce2965c390 Exception <a 'sun/nio/fs/WindowsException'{0x00000000ef0fe3c8}> (0x00000000ef0fe3c8) 
thrown [s\src\hotspot\share\prims\jni.cpp, line 537]
Event: 404.985 Thread 0x000001ce2965c390 Exception <a 'sun/nio/fs/WindowsException'{0x00000000ef0fec60}> (0x00000000ef0fec60) 
thrown [s\src\hotspot\share\prims\jni.cpp, line 537]
Event: 404.985 Thread 0x000001ce2965c390 Exception <a 'sun/nio/fs/WindowsException'{0x00000000ef0ff4f8}> (0x00000000ef0ff4f8) 
thrown [s\src\hotspot\share\prims\jni.cpp, line 537]
Event: 404.986 Thread 0x000001ce2965c390 Exception <a 'sun/nio/fs/WindowsException'{0x00000000eef57880}> (0x00000000eef57880) 
thrown [s\src\hotspot\share\prims\jni.cpp, line 537]
Event: 404.986 Thread 0x000001ce2965c390 Exception <a 'sun/nio/fs/WindowsException'{0x00000000eef58118}> (0x00000000eef58118) 
thrown [s\src\hotspot\share\prims\jni.cpp, line 537]
Event: 404.986 Thread 0x000001ce2965c390 Exception <a 'sun/nio/fs/WindowsException'{0x00000000eef589b0}> (0x00000000eef589b0) 
thrown [s\src\hotspot\share\prims\jni.cpp, line 537]
Event: 404.986 Thread 0x000001ce2965c390 Exception <a 'sun/nio/fs/WindowsException'{0x00000000eef6af40}> (0x00000000eef6af40) 
thrown [s\src\hotspot\share\prims\jni.cpp, line 537]
Event: 404.986 Thread 0x000001ce2965c390 Exception <a 'sun/nio/fs/WindowsException'{0x00000000eef6b7d8}> (0x00000000eef6b7d8) 
thrown [s\src\hotspot\share\prims\jni.cpp, line 537]
Event: 404.986 Thread 0x000001ce2965c390 Exception <a 'sun/nio/fs/WindowsException'{0x00000000eef6c070}> (0x00000000eef6c070) 
thrown [s\src\hotspot\share\prims\jni.cpp, line 537]
Event: 404.989 Thread 0x000001ce2ad08b70 Exception <a 'sun/nio/fs/WindowsException'{0x00000000eefe46a0}> (0x00000000eefe46a0) 
thrown [s\src\hotspot\share\prims\jni.cpp, line 537]
Event: 405.006 Thread 0x000001ce2ad077c0 Exception <a 'sun/nio/fs/WindowsException'{0x00000000ef86c338}> (0x00000000ef86c338) 
thrown [s\src\hotspot\share\prims\jni.cpp, line 537]
Event: 405.327 Thread 0x000001ce35476340 Exception <a 'java/lang/NoSuchMethodError'{0x00000000eed292b8}: 'long java.lang.invoke.DirectMethodHandle$Holder.invokeStatic(java.lang.Object, java.lang.Object, java.lang.Object)'> (0x00000000eed292b8) 
thrown [s\src\hotspot\share\interpreter\linkResolver.cpp, line 784]
Event: 405.327 Thread 0x000001ce35475620 Exception <a 'java/lang/NoSuchMethodError'{0x00000000eeeaf058}: 'long java.lang.invoke.DirectMethodHandle$Holder.invokeStatic(java.lang.Object, java.lang.Object, java.lang.Object)'> (0x00000000eeeaf058) 
thrown [s\src\hotspot\share\interpreter\linkResolver.cpp, line 784]
Event: 405.327 Thread 0x000001ce354776f0 Exception <a 'java/lang/NoSuchMethodError'{0x00000000eed88920}: 'long java.lang.invoke.DirectMethodHandle$Holder.invokeStatic(java.lang.Object, java.lang.Object, java.lang.Object)'> (0x00000000eed88920) 
thrown [s\src\hotspot\share\interpreter\linkResolver.cpp, line 784]

ZGC Phase Switch (0 events):
No events

VM Operations (20 events):
Event: 404.813 Executing safepoint VM operation: G1PauseCleanup done
Event: 404.974 Executing safepoint VM operation: ICBufferFull
Event: 404.974 Executing safepoint VM operation: ICBufferFull done
Event: 405.104 Executing non-safepoint VM operation: HandshakeAllThreads (Deoptimize)
Event: 405.104 Executing non-safepoint VM operation: HandshakeAllThreads (Deoptimize) done
Event: 405.213 Executing safepoint VM operation: G1CollectForAllocation (G1 Evacuation Pause)
Event: 405.223 Executing safepoint VM operation: G1CollectForAllocation (G1 Evacuation Pause) done
Event: 405.337 Executing non-safepoint VM operation: HandshakeAllThreads (Deoptimize)
Event: 405.337 Executing non-safepoint VM operation: HandshakeAllThreads (Deoptimize) done
Event: 405.338 Executing non-safepoint VM operation: HandshakeAllThreads (Deoptimize)
Event: 405.339 Executing non-safepoint VM operation: HandshakeAllThreads (Deoptimize) done
Event: 405.383 Executing non-safepoint VM operation: HandshakeAllThreads (Deoptimize)
Event: 405.386 Executing non-safepoint VM operation: HandshakeAllThreads (Deoptimize) done
Event: 405.412 Executing non-safepoint VM operation: HandshakeAllThreads (Deoptimize)
Event: 405.412 Executing non-safepoint VM operation: HandshakeAllThreads (Deoptimize) done
Event: 405.426 Executing safepoint VM operation: G1CollectForAllocation (G1 Evacuation Pause)
Event: 405.460 Executing safepoint VM operation: G1CollectForAllocation (G1 Evacuation Pause) done
Event: 405.537 Executing safepoint VM operation: G1CollectForAllocation (G1 Evacuation Pause)
Event: 405.564 Executing safepoint VM operation: G1CollectForAllocation (G1 Evacuation Pause) done
Event: 405.672 Executing safepoint VM operation: G1PauseRemark

Memory protections (0 events):
No events

Nmethod flushes (20 events):
Event: 405.676 Thread 0x000001ce7e58e920 flushing  nmethod 0x000001ce01270810
Event: 405.676 Thread 0x000001ce7e58e920 flushing  nmethod 0x000001ce01270b90
Event: 405.676 Thread 0x000001ce7e58e920 flushing  nmethod 0x000001ce013d0090
Event: 405.676 Thread 0x000001ce7e58e920 flushing  nmethod 0x000001ce013d0590
Event: 405.676 Thread 0x000001ce7e58e920 flushing  nmethod 0x000001ce013d0d10
Event: 405.676 Thread 0x000001ce7e58e920 flushing  nmethod 0x000001ce0147fa90
Event: 405.676 Thread 0x000001ce7e58e920 flushing  nmethod 0x000001ce0148ea10
Event: 405.676 Thread 0x000001ce7e58e920 flushing  nmethod 0x000001ce01588f90
Event: 405.676 Thread 0x000001ce7e58e920 flushing  nmethod 0x000001ce01589410
Event: 405.676 Thread 0x000001ce7e58e920 flushing  nmethod 0x000001ce01589810
Event: 405.676 Thread 0x000001ce7e58e920 flushing  nmethod 0x000001ce0158a790
Event: 405.676 Thread 0x000001ce7e58e920 flushing  nmethod 0x000001ce0158ac10
Event: 405.676 Thread 0x000001ce7e58e920 flushing  nmethod 0x000001ce0158b610
Event: 405.676 Thread 0x000001ce7e58e920 flushing  nmethod 0x000001ce0158e510
Event: 405.676 Thread 0x000001ce7e58e920 flushing  nmethod 0x000001ce01598710
Event: 405.676 Thread 0x000001ce7e58e920 flushing  nmethod 0x000001ce01598f90
Event: 405.676 Thread 0x000001ce7e58e920 flushing  nmethod 0x000001ce01798110
Event: 405.676 Thread 0x000001ce7e58e920 flushing  nmethod 0x000001ce01798990
Event: 405.676 Thread 0x000001ce7e58e920 flushing  nmethod 0x000001ce01bbf410
Event: 405.676 Thread 0x000001ce7e58e920 flushing  nmethod 0x000001ce021d3590

Events (20 events):
Event: 396.943 Thread 0x000001ce2965afe0 Thread added: 0x000001ce35471b10
Event: 397.121 Thread 0x000001ce2ad09f20 Thread added: 0x000001ce35472ec0
Event: 397.132 Thread 0x000001ce2ad09200 Thread added: 0x000001ce35470760
Event: 398.143 Thread 0x000001ce7e7092a0 Thread added: 0x000001ce2e0d0fd0
Event: 404.945 Thread 0x000001ce2ad09200 Thread added: 0x000001ce35477060
Event: 404.954 Thread 0x000001ce2ad07130 Thread added: 0x000001ce3547dff0
Event: 404.973 Thread 0x000001ce2965c390 Thread added: 0x000001ce3547bf20
Event: 404.985 Thread 0x000001ce2b57f770 Thread added: 0x000001ce3547c5b0
Event: 405.321 Thread 0x000001ce2c3ea5a0 Thread added: 0x000001ce35475620
Event: 405.321 Thread 0x000001ce35475620 Thread added: 0x000001ce35474270
Event: 405.322 Thread 0x000001ce35474270 Thread added: 0x000001ce35472830
Event: 405.322 Thread 0x000001ce35472830 Thread added: 0x000001ce35476340
Event: 405.322 Thread 0x000001ce35476340 Thread added: 0x000001ce35475cb0
Event: 405.322 Thread 0x000001ce35475cb0 Thread added: 0x000001ce35474900
Event: 405.323 Thread 0x000001ce35474900 Thread added: 0x000001ce354776f0
Event: 405.323 Thread 0x000001ce354776f0 Thread added: 0x000001ce35477d80
Event: 405.323 Thread 0x000001ce35477d80 Thread added: 0x000001ce354797c0
Event: 405.323 Thread 0x000001ce354797c0 Thread added: 0x000001ce35478aa0
Event: 405.324 Thread 0x000001ce35478aa0 Thread added: 0x000001ce35479130
Event: 405.324 Thread 0x000001ce35479130 Thread added: 0x000001ce35479e50


Dynamic libraries:
0x00007ff7e66c0000 - 0x00007ff7e66ca000 	C:\Users\ismail\.jdks\jbr-21.0.11\bin\java.exe
0x00007ffd9ae60000 - 0x00007ffd9b0c7000 	C:\WINDOWS\SYSTEM32\ntdll.dll
0x00007ffd99d50000 - 0x00007ffd99e1b000 	C:\WINDOWS\System32\KERNEL32.DLL
0x00007ffd985e0000 - 0x00007ffd989e2000 	C:\WINDOWS\System32\KERNELBASE.dll
0x00007ffd983f0000 - 0x00007ffd9853c000 	C:\WINDOWS\System32\ucrtbase.dll
0x00007ffd82dd0000 - 0x00007ffd82de8000 	C:\Users\ismail\.jdks\jbr-21.0.11\bin\jli.dll
0x00007ffd82890000 - 0x00007ffd828ae000 	C:\Users\ismail\.jdks\jbr-21.0.11\bin\VCRUNTIME140.dll
0x00007ffd99940000 - 0x00007ffd99b0f000 	C:\WINDOWS\System32\USER32.dll
0x00007ffd98300000 - 0x00007ffd98327000 	C:\WINDOWS\System32\win32u.dll
0x00007ffd99c20000 - 0x00007ffd99c4b000 	C:\WINDOWS\System32\GDI32.dll
0x00007ffd98060000 - 0x00007ffd98189000 	C:\WINDOWS\System32\gdi32full.dll
0x00007ffd7a4d0000 - 0x00007ffd7a760000 	C:\WINDOWS\WinSxS\amd64_microsoft.windows.common-controls_6595b64144ccf1df_6.0.26100.9278_none_3e0d1ba8e3303201\COMCTL32.dll
0x00007ffd98250000 - 0x00007ffd982f3000 	C:\WINDOWS\System32\msvcp_win.dll
0x00007ffd9ac60000 - 0x00007ffd9ad09000 	C:\WINDOWS\System32\msvcrt.dll
0x00007ffd9ab70000 - 0x00007ffd9aba1000 	C:\WINDOWS\System32\IMM32.DLL
0x00007ffd82880000 - 0x00007ffd8288c000 	C:\Users\ismail\.jdks\jbr-21.0.11\bin\vcruntime140_1.dll
0x00007ffd80d60000 - 0x00007ffd80de9000 	C:\Users\ismail\.jdks\jbr-21.0.11\bin\msvcp140.dll
0x00007ffcf2f10000 - 0x00007ffcf3cde000 	C:\Users\ismail\.jdks\jbr-21.0.11\bin\server\jvm.dll
0x00007ffd9aaa0000 - 0x00007ffd9ab5c000 	C:\WINDOWS\System32\ADVAPI32.dll
0x00007ffd9abb0000 - 0x00007ffd9ac59000 	C:\WINDOWS\System32\sechost.dll
0x00007ffd99ff0000 - 0x00007ffd9a108000 	C:\WINDOWS\System32\RPCRT4.dll
0x00007ffd993b0000 - 0x00007ffd99430000 	C:\WINDOWS\System32\WS2_32.dll
0x00007ffd91690000 - 0x00007ffd9169b000 	C:\WINDOWS\SYSTEM32\VERSION.dll
0x00007ffd97ec0000 - 0x00007ffd97f1e000 	C:\WINDOWS\SYSTEM32\POWRPROF.dll
0x00007ffd91650000 - 0x00007ffd91686000 	C:\WINDOWS\SYSTEM32\WINMM.dll
0x00007ffd97ea0000 - 0x00007ffd97eb5000 	C:\WINDOWS\SYSTEM32\UMPDC.dll
0x00007ffd96d30000 - 0x00007ffd96d4b000 	C:\WINDOWS\SYSTEM32\kernel.appcore.dll
0x00007ffd81350000 - 0x00007ffd8135a000 	C:\Users\ismail\.jdks\jbr-21.0.11\bin\jimage.dll
0x00007ffd8c670000 - 0x00007ffd8c8bc000 	C:\WINDOWS\SYSTEM32\DBGHELP.DLL
0x00007ffd99490000 - 0x00007ffd99815000 	C:\WINDOWS\System32\combase.dll
0x00007ffd99b20000 - 0x00007ffd99bf9000 	C:\WINDOWS\System32\OLEAUT32.dll
0x00007ffd91430000 - 0x00007ffd9146b000 	C:\WINDOWS\SYSTEM32\dbgcore.DLL
0x00007ffd98190000 - 0x00007ffd9823c000 	C:\WINDOWS\System32\bcryptPrimitives.dll
0x00007ffd81340000 - 0x00007ffd81350000 	C:\Users\ismail\.jdks\jbr-21.0.11\bin\instrument.dll
0x00007ffd81310000 - 0x00007ffd81331000 	C:\Users\ismail\.jdks\jbr-21.0.11\bin\java.dll
0x00007ffd9a300000 - 0x00007ffd9aa98000 	C:\WINDOWS\System32\SHELL32.dll
0x00007ffd95ac0000 - 0x00007ffd9636e000 	C:\WINDOWS\SYSTEM32\windows.storage.dll
0x00007ffd99ef0000 - 0x00007ffd99feb000 	C:\WINDOWS\System32\SHCORE.dll
0x00007ffd99e50000 - 0x00007ffd99eb6000 	C:\WINDOWS\System32\shlwapi.dll
0x00007ffd97f80000 - 0x00007ffd97fa9000 	C:\WINDOWS\SYSTEM32\profapi.dll
0x00007ffd7bce0000 - 0x00007ffd7bdb7000 	C:\Users\ismail\.jdks\jbr-21.0.11\bin\jsvml.dll
0x00007ffd812f0000 - 0x00007ffd81308000 	C:\Users\ismail\.jdks\jbr-21.0.11\bin\zip.dll
0x00007ffd81290000 - 0x00007ffd812a1000 	C:\Users\ismail\.jdks\jbr-21.0.11\bin\net.dll
0x00007ffd91260000 - 0x00007ffd9138a000 	C:\WINDOWS\SYSTEM32\WINHTTP.dll
0x00007ffd972f0000 - 0x00007ffd9735c000 	C:\WINDOWS\system32\mswsock.dll
0x00007ffd81270000 - 0x00007ffd81286000 	C:\Users\ismail\.jdks\jbr-21.0.11\bin\nio.dll
0x00007ffd812e0000 - 0x00007ffd812f0000 	C:\Users\ismail\.jdks\jbr-21.0.11\bin\verify.dll
0x00007ffd6d470000 - 0x00007ffd6d497000 	C:\Users\ismail\.gradle\native\1def1411415f61bf3af743bc5b6707747c0891f09f0c88961ee8f79bc544acac\windows-amd64\native-platform.dll
0x00007ffd7bc60000 - 0x00007ffd7bcd8000 	C:\Users\ismail\.gradle\native\0.2.7\x86_64-windows-gnu\gradle-fileevents.dll
0x00007ffd81250000 - 0x00007ffd8125a000 	C:\Users\ismail\.jdks\jbr-21.0.11\bin\management.dll
0x00007ffd81240000 - 0x00007ffd8124c000 	C:\Users\ismail\.jdks\jbr-21.0.11\bin\management_ext.dll
0x00007ffd9a2f0000 - 0x00007ffd9a2f8000 	C:\WINDOWS\System32\PSAPI.DLL
0x00007ffd96730000 - 0x00007ffd96763000 	C:\WINDOWS\SYSTEM32\IPHLPAPI.DLL
0x00007ffd98b80000 - 0x00007ffd98b8a000 	C:\WINDOWS\System32\NSI.dll
0x00007ffd81210000 - 0x00007ffd81219000 	C:\Users\ismail\.jdks\jbr-21.0.11\bin\extnet.dll
0x00007ffd975e0000 - 0x00007ffd975fb000 	C:\WINDOWS\SYSTEM32\CRYPTSP.dll
0x00007ffd96c90000 - 0x00007ffd96cc9000 	C:\WINDOWS\system32\rsaenh.dll
0x00007ffd973a0000 - 0x00007ffd973d4000 	C:\WINDOWS\SYSTEM32\USERENV.dll
0x00007ffd97f50000 - 0x00007ffd97f7a000 	C:\WINDOWS\SYSTEM32\bcrypt.dll
0x00007ffd97600000 - 0x00007ffd9760c000 	C:\WINDOWS\SYSTEM32\CRYPTBASE.dll
0x00007ffd7bc50000 - 0x00007ffd7bc5e000 	C:\Users\ismail\.jdks\jbr-21.0.11\bin\sunmscapi.dll
0x00007ffd989f0000 - 0x00007ffd98b6e000 	C:\WINDOWS\System32\CRYPT32.dll
0x00007ffd97820000 - 0x00007ffd97850000 	C:\WINDOWS\SYSTEM32\ncrypt.dll
0x00007ffd977d0000 - 0x00007ffd9780f000 	C:\WINDOWS\SYSTEM32\NTASN1.dll
0x00007ffd82360000 - 0x00007ffd82368000 	C:\WINDOWS\system32\wshunix.dll
0x00007ffd967d0000 - 0x00007ffd96928000 	C:\WINDOWS\SYSTEM32\DNSAPI.dll
0x00007ffd970d0000 - 0x00007ffd970dd000 	C:\WINDOWS\SYSTEM32\DSPARSE.dll
0x00007ffd8ef20000 - 0x00007ffd8ef2b000 	C:\Windows\System32\rasadhlp.dll
0x00007ffd91f70000 - 0x00007ffd91ff6000 	C:\WINDOWS\System32\fwpuclnt.dll

JVMTI agents:
C:\Users\ismail\.gradle\wrapper\dists\gradle-8.14.3-all\10utluxaxniiv4wxiphsi49nj\gradle-8.14.3\lib\agents\gradle-instrumentation-agent-8.14.3.jar path:C:\Users\ismail\.jdks\jbr-21.0.11\bin\instrument.dll, loaded, initialized, instrumentlib options:none

dbghelp: loaded successfully - version: 4.0.5 - missing functions: none
symbol engine: initialized successfully - sym options: 0x614 - pdb path: .;C:\Users\ismail\.jdks\jbr-21.0.11\bin;C:\WINDOWS\SYSTEM32;C:\WINDOWS\WinSxS\amd64_microsoft.windows.common-controls_6595b64144ccf1df_6.0.26100.9278_none_3e0d1ba8e3303201;C:\Users\ismail\.jdks\jbr-21.0.11\bin\server;C:\Users\ismail\.gradle\native\1def1411415f61bf3af743bc5b6707747c0891f09f0c88961ee8f79bc544acac\windows-amd64;C:\Users\ismail\.gradle\native\0.2.7\x86_64-windows-gnu

VM Arguments:
jvm_args: --add-opens=java.base/java.lang=ALL-UNNAMED --add-opens=java.base/java.lang.invoke=ALL-UNNAMED --add-opens=java.base/java.util=ALL-UNNAMED --add-opens=java.prefs/java.util.prefs=ALL-UNNAMED --add-exports=jdk.compiler/com.sun.tools.javac.api=ALL-UNNAMED --add-exports=jdk.compiler/com.sun.tools.javac.util=ALL-UNNAMED --add-opens=java.base/java.util=ALL-UNNAMED --add-opens=java.prefs/java.util.prefs=ALL-UNNAMED --add-opens=java.base/java.nio.charset=ALL-UNNAMED --add-opens=java.base/java.net=ALL-UNNAMED --add-opens=java.base/java.util.concurrent.atomic=ALL-UNNAMED --add-opens=java.xml/javax.xml.namespace=ALL-UNNAMED -XX:MaxMetaspaceSize=384m -XX:+HeapDumpOnOutOfMemoryError -Xms256m -Xmx512m -Dfile.encoding=UTF-8 -Duser.country=IN -Duser.language=en -Duser.variant -javaagent:C:\Users\ismail\.gradle\wrapper\dists\gradle-8.14.3-all\10utluxaxniiv4wxiphsi49nj\gradle-8.14.3\lib\agents\gradle-instrumentation-agent-8.14.3.jar 
java_command: org.gradle.launcher.daemon.bootstrap.GradleDaemon 8.14.3
java_class_path (initial): C:\Users\ismail\.gradle\wrapper\dists\gradle-8.14.3-all\10utluxaxniiv4wxiphsi49nj\gradle-8.14.3\lib\gradle-daemon-main-8.14.3.jar
Launcher Type: SUN_STANDARD

[Global flags]
     intx CICompilerCount                          = 4                                         {product} {ergonomic}
   size_t CompressedClassSpaceSize                 = 335544320                                 {product} {ergonomic}
     uint ConcGCThreads                            = 3                                         {product} {ergonomic}
     uint G1ConcRefinementThreads                  = 10                                        {product} {ergonomic}
   size_t G1HeapRegionSize                         = 1048576                                   {product} {ergonomic}
    uintx GCDrainStackTargetSize                   = 64                                        {product} {ergonomic}
     bool HeapDumpOnOutOfMemoryError               = true                                   {manageable} {command line}
   size_t InitialHeapSize                          = 268435456                                 {product} {command line}
   size_t MarkStackSize                            = 4194304                                   {product} {ergonomic}
   size_t MaxHeapSize                              = 536870912                                 {product} {command line}
   size_t MaxMetaspaceSize                         = 402653184                                 {product} {command line}
   size_t MaxNewSize                               = 321912832                                 {product} {ergonomic}
   size_t MinHeapDeltaBytes                        = 1048576                                   {product} {ergonomic}
   size_t MinHeapSize                              = 268435456                                 {product} {command line}
    uintx NonNMethodCodeHeapSize                   = 5839372                                {pd product} {ergonomic}
    uintx NonProfiledCodeHeapSize                  = 122909434                              {pd product} {ergonomic}
    uintx ProfiledCodeHeapSize                     = 122909434                              {pd product} {ergonomic}
    uintx ReservedCodeCacheSize                    = 251658240                              {pd product} {ergonomic}
     bool SegmentedCodeCache                       = true                                      {product} {ergonomic}
   size_t SoftMaxHeapSize                          = 536870912                              {manageable} {ergonomic}
     bool UseCompressedOops                        = true                           {product lp64_product} {ergonomic}
     bool UseG1GC                                  = true                                      {product} {ergonomic}
     bool UseLargePagesIndividualAllocation        = false                                  {pd product} {ergonomic}

Logging:
Log output configuration:
 #0: stdout all=warning uptime,level,tags foldmultilines=false
 #1: stderr all=off uptime,level,tags foldmultilines=false

Release file:
JAVA_VERSION="21.0.11" 
MODULES="java.base java.compiler java.datatransfer java.xml java.prefs java.desktop java.instrument java.logging java.management java.security.sasl java.naming java.rmi java.management.rmi java.net.http java.scripting java.security.jgss java.transaction.xa java.sql java.sql.rowset java.xml.crypto java.se java.smartcardio jdk.accessibility jdk.internal.jvmstat jdk.attach jdk.charsets jdk.internal.opt jdk.zipfs jdk.compiler jdk.crypto.ec jdk.crypto.cryptoki jdk.crypto.mscapi jdk.dynalink jdk.internal.ed jdk.editpad jdk.hotspot.agent jdk.httpserver jdk.incubator.vector jdk.internal.le jdk.internal.vm.ci jdk.internal.vm.compiler jdk.internal.vm.compiler.management jdk.jartool jdk.javadoc jdk.jcmd jdk.management jdk.management.agent jdk.jconsole jdk.jdeps jdk.jdwp.agent jdk.jdi jdk.jfr jdk.jlink jdk.jpackage jdk.jshell jdk.jsobject jdk.jstatd jdk.localedata jdk.management.jfr jdk.naming.dns jdk.naming.rmi jdk.net jdk.nio.mapmode jdk.random jdk.sctp jdk.security.auth jdk.security.jgss jdk.unsupported jdk.unsupported.desktop jdk.xml.dom" 
IMPLEMENTOR="JetBrains s.r.o." 
IMPLEMENTOR_VERSION="JBRSDK-21.0.11+1-1163.116-nomod" 
JAVA_RUNTIME_VERSION="21.0.11+1-b1163.116" 
LIBC="default" 
OS_ARCH="x86_64" 
OS_NAME="Windows" 
SOURCE=".:git:cf1f197170a0+" 

Environment Variables:
PATH=C:\WINDOWS\system32;C:\WINDOWS;C:\WINDOWS\System32\Wbem;C:\WINDOWS\System32\WindowsPowerShell\v1.0\;C:\WINDOWS\System32\OpenSSH\;C:\Program Files\nodejs\;C:\Program Files\Git\cmd;C:\Users\ismail\AppData\Local\Programs\Python\Python314\Scripts\;C:\Users\ismail\AppData\Local\Programs\Python\Python314\;C:\Users\ismail\AppData\Local\Microsoft\WindowsApps;C:\Users\ismail\AppData\Roaming\npm;C:\Users\ismail\AppData\Local\Programs\Antigravity IDE\bin
USERNAME=ismail
OS=Windows_NT
PROCESSOR_IDENTIFIER=AMD64 Family 25 Model 80 Stepping 0, AuthenticAMD
TMP=C:\Users\ismail\AppData\Local\Temp
TEMP=C:\Users\ismail\AppData\Local\Temp




Periodic native trim disabled

JNI global refs:
JNI global refs: 30, weak refs: 124

JNI global refs memory usage: 835, weak refs: 2097

Process memory usage:
Resident Set Size: 712864K (9% of 7740300K total physical memory with 421392K free physical memory)

OOME stack traces (most recent first):
Classloader memory used:
Loader org.gradle.internal.classloader.VisitableURLClassLoader$InstrumentingVisitableURLClassLoader: 55172K
Loader org.gradle.internal.classloader.VisitableURLClassLoader                         : 50626K
Loader bootstrap                                                                       : 15040K
Loader org.gradle.initialization.MixInLegacyTypesClassLoader                           : 13811K
Loader org.gradle.internal.classloader.VisitableURLClassLoader                         : 8435K
Loader jdk.internal.loader.ClassLoaders$PlatformClassLoader                            : 919K
Loader jdk.internal.reflect.DelegatingClassLoader                                      : 395K
Loader org.gradle.groovy.scripts.internal.DefaultScriptCompilationHandler$ScriptClassLoader: 333K
Loader jdk.internal.loader.ClassLoaders$AppClassLoader                                 : 236K
Loader org.codehaus.groovy.runtime.callsite.CallSiteClassLoader                        : 36176B
Loader sun.reflect.misc.MethodUtil                                                     : 3120B

Classes loaded by more than one classloader:
Class com.google.common.collect.Iterators$MergingIterator                             : loaded 4 times (x 81B)
Class com.google.common.collect.UnmodifiableIterator                                  : loaded 4 times (x 80B)
Class com.google.common.collect.Iterators$SingletonIterator                           : loaded 4 times (x 81B)
Class com.google.common.collect.UnmodifiableListIterator                              : loaded 4 times (x 95B)
Class com.google.common.collect.ImmutableList                                         : loaded 4 times (x 206B)
Class com.google.common.collect.Iterators                                             : loaded 4 times (x 71B)
Class com.google.common.collect.Lists$StringAsImmutableList                           : loaded 4 times (x 207B)
Class com.google.common.collect.AbstractIterator                                      : loaded 4 times (x 82B)
Class com.google.common.collect.AbstractIndexedListIterator                           : loaded 4 times (x 96B)
Class com.google.common.collect.Iterators$1                                           : loaded 4 times (x 81B)
Class com.google.common.collect.PeekingIterator                                       : loaded 4 times (x 70B)
Class com.google.common.collect.Iterators$4                                           : loaded 4 times (x 82B)
Class com.google.common.collect.Iterators$5                                           : loaded 4 times (x 82B)
Class com.google.common.collect.ImmutableCollection                                   : loaded 4 times (x 125B)
Class com.google.common.base.Preconditions                                            : loaded 4 times (x 71B)
Class com.google.common.collect.Lists                                                 : loaded 4 times (x 71B)
Class com.google.common.collect.Iterators$9                                           : loaded 4 times (x 81B)
Class com.google.common.collect.Iterators$ArrayItr                                    : loaded 4 times (x 97B)
Class com.google.common.base.CharMatcher$IsEither                                     : loaded 3 times (x 111B)
Class com.google.common.collect.ImmutableRangeSet$ComplementRanges                    : loaded 3 times (x 207B)
Class org.gradle.internal.IoActions                                                   : loaded 3 times (x 71B)
Class org.gradle.api.GradleException                                                  : loaded 3 times (x 82B)
Class com.google.common.base.CharMatcher$NegatedFastMatcher                           : loaded 3 times (x 113B)
Class com.google.common.collect.AbstractRangeSet                                      : loaded 3 times (x 114B)
Class com.google.common.base.Predicate                                                : loaded 3 times (x 70B)
Class com.google.common.base.CharMatcher$FastMatcher                                  : loaded 3 times (x 111B)
Class org.gradle.api.Action                                                           : loaded 3 times (x 70B)
Class org.gradle.internal.Cast                                                        : loaded 3 times (x 71B)
Class com.google.common.base.CharMatcher$Or                                           : loaded 3 times (x 112B)
Class com.google.common.collect.ImmutableSet                                          : loaded 3 times (x 145B)
Class com.google.common.base.CharMatcher$BitSetMatcher                                : loaded 3 times (x 112B)
Class com.google.common.collect.ImmutableRangeSet$Builder                             : loaded 3 times (x 77B)
Class com.google.common.collect.RegularImmutableList                                  : loaded 3 times (x 213B)
Class com.google.common.collect.ImmutableList$1                                       : loaded 3 times (x 97B)
Class com.google.common.base.Function                                                 : loaded 3 times (x 70B)
Class com.google.common.collect.RegularImmutableSortedSet                             : loaded 3 times (x 300B)
Class com.google.common.collect.ImmutableSet$RegularSetBuilderImpl                    : loaded 3 times (x 77B)
Class com.google.common.collect.RegularImmutableSet                                   : loaded 3 times (x 149B)
Class com.google.common.collect.ImmutableSortedSet                                    : loaded 3 times (x 300B)
Class com.google.common.collect.ImmutableAsList                                       : loaded 3 times (x 209B)
Class com.google.common.base.CharMatcher$Negated                                      : loaded 3 times (x 113B)
Class com.google.common.collect.ImmutableSet$CachingAsList                            : loaded 3 times (x 148B)
Class com.google.common.base.CharMatcher$Is                                           : loaded 3 times (x 111B)
Class com.google.common.base.Joiner$1                                                 : loaded 3 times (x 80B)
Class com.google.gson.stream.MalformedJsonException                                   : loaded 3 times (x 82B)
Class com.google.common.base.CharMatcher$AnyOf                                        : loaded 3 times (x 112B)
Class com.google.common.base.CharMatcher$ForPredicate                                 : loaded 3 times (x 112B)
Class com.google.common.base.CharMatcher                                              : loaded 3 times (x 111B)
Class com.google.gson.stream.JsonReader                                               : loaded 3 times (x 97B)
Class com.google.common.collect.SortedIterable                                        : loaded 3 times (x 70B)
Class com.google.common.collect.SingletonImmutableSet                                 : loaded 3 times (x 146B)
Class com.google.common.base.Joiner$2                                                 : loaded 3 times (x 79B)
Class com.google.common.collect.ImmutableList$ReverseImmutableList                    : loaded 3 times (x 209B)
Class com.google.common.collect.SingletonImmutableList                                : loaded 3 times (x 207B)
Class com.google.common.base.ExtraObjectsMethodsForWeb                                : loaded 3 times (x 71B)
Class com.google.common.collect.Multimap                                              : loaded 3 times (x 70B)
Class com.google.common.base.CharMatcher$1                                            : loaded 3 times (x 113B)
Class com.google.common.base.CharMatcher$NamedFastMatcher                             : loaded 3 times (x 112B)
Class com.google.common.base.Objects                                                  : loaded 3 times (x 71B)
Class com.google.common.base.CharMatcher$And                                          : loaded 3 times (x 112B)
Class com.google.common.collect.RangeSet                                              : loaded 3 times (x 70B)
Class com.google.common.base.CharMatcher$InRange                                      : loaded 3 times (x 111B)
Class com.google.common.collect.Range                                                 : loaded 3 times (x 87B)
Class com.google.common.collect.ImmutableSet$SetBuilderImpl                           : loaded 3 times (x 76B)
Class com.google.common.collect.RegularImmutableAsList                                : loaded 3 times (x 217B)
Class com.google.common.collect.ImmutableRangeSet$1                                   : loaded 3 times (x 210B)
Class com.google.common.collect.ImmutableList$Builder                                 : loaded 3 times (x 77B)
Class com.google.common.collect.ForwardingObject                                      : loaded 3 times (x 72B)
Class com.intellij.gradle.toolingExtension.util.GradleVersionUtil                     : loaded 3 times (x 71B)
Class com.google.common.collect.ImmutableList$SubList                                 : loaded 3 times (x 209B)
Class com.google.common.base.Joiner                                                   : loaded 3 times (x 79B)
Class com.google.common.collect.ImmutableCollection$Builder                           : loaded 3 times (x 76B)
Class com.google.common.base.CharMatcher$IsNot                                        : loaded 3 times (x 111B)
Class com.google.common.collect.ImmutableRangeSet$AsSet                               : loaded 3 times (x 300B)
Class com.google.common.collect.ImmutableRangeSet                                     : loaded 3 times (x 115B)
Class com.google.gson.JsonSyntaxException                                             : loaded 2 times (x 82B)
Class org.jetbrains.kotlin.idea.gradleTooling.AndroidAwareGradleModelProvider$Companion: loaded 2 times (x 71B)
Class [Lcom.amazon.ion.impl.bin.IonRawBinaryWriter$StreamCloseMode;                   : loaded 2 times (x 69B)
Class com.amazon.ion.impl.lite.IonSymbolLite                                          : loaded 2 times (x 247B)
Class com.amazon.ion.impl.bin.IonManagedBinaryWriter$ImportedSymbolResolverMode$1     : loaded 2 times (x 80B)
Class io.opentelemetry.api.GlobalOpenTelemetry                                        : loaded 2 times (x 71B)
Class com.intellij.util.containers.IntObjectHashMap$ArrayProducer                     : loaded 2 times (x 70B)
Class org.gradle.internal.classloader.DefaultClassLoaderFactory                       : loaded 2 times (x 82B)
Class org.apache.commons.io.file.PathUtils                                            : loaded 2 times (x 71B)
Class com.google.common.io.ByteSource$ConcatenatedByteSource                          : loaded 2 times (x 85B)
Class com.google.common.base.CharMatcher$None                                         : loaded 2 times (x 112B)
Class com.google.gson.internal.bind.TypeAdapters$32                                   : loaded 2 times (x 76B)
Class com.amazon.ion.impl.bin.IonManagedBinaryWriter$ImportedSymbolResolverMode$2     : loaded 2 times (x 80B)
Class io.opentelemetry.context.Scope                                                  : loaded 2 times (x 70B)
Class com.google.common.collect.ReverseNaturalOrdering                                : loaded 2 times (x 114B)
Class kotlin.text.MatcherMatchResult$groupValues$1                                    : loaded 2 times (x 198B)
Class kotlin.sequences.SequencesKt___SequencesKt                                      : loaded 2 times (x 71B)
Class kotlin.collections.AbstractList$Companion                                       : loaded 2 times (x 71B)
Class org.gradle.internal.classloader.ClassLoaderVisitor                              : loaded 2 times (x 76B)
Class com.google.gson.internal.bind.ObjectTypeAdapter                                 : loaded 2 times (x 74B)
Class [Lcom.google.common.collect.ImmutableMapEntry;                                  : loaded 2 times (x 69B)
Class [Lcom.android.ide.common.repository.AgpVersion$PreviewKind;                     : loaded 2 times (x 69B)
Class com.intellij.gradle.toolingExtension.model.repositoryModel.RepositoryModel      : loaded 2 times (x 70B)
Class org.jetbrains.plugins.gradle.tooling.serialization.internal.IdeaProjectSerializationService: loaded 2 times (x 77B)
Class com.google.common.collect.Ordering                                              : loaded 2 times (x 114B)
Class kotlin.sequences.SequencesKt___SequencesKt$flatMap$2                            : loaded 2 times (x 129B)
Class org.gradle.api.internal.classpath.EffectiveClassPath                            : loaded 2 times (x 90B)
Class [Lorg.apache.commons.io.StandardLineSeparator;                                  : loaded 2 times (x 69B)
Class org.apache.commons.io.output.StringBuilderWriter                                : loaded 2 times (x 100B)
Class com.google.common.collect.CollectSpliterators$1WithCharacteristics              : loaded 2 times (x 90B)
Class com.google.gson.internal.bind.TypeAdapters$31                                   : loaded 2 times (x 76B)
Class com.android.builder.model.v2.models.AndroidDsl                                  : loaded 2 times (x 70B)
Class com.google.common.collect.ListMultimap                                          : loaded 2 times (x 70B)
Class com.google.common.collect.ImmutableEnumMap                                      : loaded 2 times (x 126B)
Class com.amazon.ion.impl.lite.IonSystemLite                                          : loaded 2 times (x 275B)
Class com.amazon.ion.util.InputStreamInterceptor                                      : loaded 2 times (x 70B)
Class com.amazon.ion.impl.bin.IonRawBinaryWriter$PreallocationMode                    : loaded 2 times (x 82B)
Class com.amazon.ion.impl.bin._Private_IonRawWriter                                   : loaded 2 times (x 70B)
Class com.amazon.ion.IonWriter                                                        : loaded 2 times (x 70B)
Class kotlin.text.StringsKt__AppendableKt                                             : loaded 2 times (x 71B)
Class org.gradle.tooling.internal.gradle.DefaultProjectIdentifier                     : loaded 2 times (x 86B)
Class com.google.common.base.Splitter                                                 : loaded 2 times (x 72B)
Class com.android.ide.common.gradle.Numeric                                           : loaded 2 times (x 77B)
Class com.google.common.collect.Sets$1                                                : loaded 2 times (x 139B)
Class org.objectweb.asm.AnnotationVisitor                                             : loaded 2 times (x 78B)
Class com.google.gson.internal.bind.TypeAdapters                                      : loaded 2 times (x 71B)
Class com.google.gson.FormattingStyle                                                 : loaded 2 times (x 78B)
Class com.google.gson.FieldNamingPolicy                                               : loaded 2 times (x 83B)
Class com.amazon.ion.impl._Private_IonContainer                                       : loaded 2 times (x 70B)
Class com.intellij.gradle.toolingExtension.impl.model.buildScriptClasspathModel.GradleBuildScriptClasspathSerializationService$ReadContext: loaded 2 times (x 72B)
Class com.google.common.collect.ComparatorOrdering                                    : loaded 2 times (x 115B)
Class org.gradle.api.internal.DefaultClassPathProvider                                : loaded 2 times (x 76B)
Class com.google.common.collect.Maps$ViewCachingAbstractMap                           : loaded 2 times (x 125B)
Class com.android.builder.model.v2.models.BasicAndroidProject                         : loaded 2 times (x 70B)
Class com.google.common.collect.Sets$2                                                : loaded 2 times (x 139B)
Class com.google.gson.JsonArray                                                       : loaded 2 times (x 100B)
Class com.google.gson.FieldNamingStrategy                                             : loaded 2 times (x 70B)
Class com.amazon.ion.impl.SharedSymbolTable                                           : loaded 2 times (x 93B)
Class com.amazon.ion.impl.bin.IonRawBinaryWriter                                      : loaded 2 times (x 168B)
Class com.amazon.ion.SymbolToken                                                      : loaded 2 times (x 70B)
Class kotlin.text.StringsKt__StringNumberConversionsJVMKt                             : loaded 2 times (x 71B)
Class com.google.common.collect.NaturalOrdering                                       : loaded 2 times (x 115B)
Class kotlin.text.MatchResult                                                         : loaded 2 times (x 70B)
Class kotlin.sequences.SequenceScope                                                  : loaded 2 times (x 73B)
Class kotlin.sequences.Sequence                                                       : loaded 2 times (x 70B)
Class org.gradle.tooling.ToolingModelContract                                         : loaded 2 times (x 70B)
Class [Lorg.gradle.api.internal.ClassPathProvider;                                    : loaded 2 times (x 69B)
Class org.gradle.api.internal.ClassPathProvider                                       : loaded 2 times (x 70B)
Class ijJvmDebugger1_3vjx8ps0sabk4wmhw6k3wpgls$_run_closure1$_closure2                : loaded 2 times (x 140B)
Class com.google.common.reflect.Types$ClassOwnership$1                                : loaded 2 times (x 80B)
Class com.google.common.base.AbstractIterator$State                                   : loaded 2 times (x 79B)
Class [Lorg.objectweb.asm.AnnotationVisitor;                                          : loaded 2 times (x 69B)
Class com.google.common.collect.Sets$3                                                : loaded 2 times (x 139B)
Class com.google.common.cache.LocalCache$LocalLoadingCache                            : loaded 2 times (x 134B)
Class com.amazon.ion.impl.lite.IonBoolLite                                            : loaded 2 times (x 179B)
Class kotlin.collections.CollectionsKt___CollectionsKt$asSequence$$inlined$Sequence$1 : loaded 2 times (x 75B)
Class org.gradle.internal.service.UnknownServiceException                             : loaded 2 times (x 83B)
Class com.google.common.reflect.Types$ClassOwnership$2                                : loaded 2 times (x 80B)
Class com.google.common.reflect.TypeResolver                                          : loaded 2 times (x 72B)
Class com.google.common.io.ByteArrayDataInput                                         : loaded 2 times (x 70B)
Class com.google.common.collect.Sets$4                                                : loaded 2 times (x 139B)
Class org.objectweb.asm.ModuleVisitor                                                 : loaded 2 times (x 81B)
Class com.google.common.cache.LocalCache$Strength$1                                   : loaded 2 times (x 81B)
Class org.jetbrains.kotlin.idea.gradleTooling.model.kapt.KaptGradleModel              : loaded 2 times (x 70B)
Class org.jetbrains.kotlin.idea.gradleTooling.KotlinDslScriptAdditionalTask           : loaded 2 times (x 70B)
Class org.jetbrains.plugins.gradle.model.ClasspathEntryModel                          : loaded 2 times (x 70B)
Class org.apache.commons.io.output.QueueOutputStream                                  : loaded 2 times (x 87B)
Class com.google.common.reflect.Types$ClassOwnership$3                                : loaded 2 times (x 71B)
Class com.google.common.util.concurrent.SettableFuture                                : loaded 2 times (x 114B)
Class com.google.common.cache.LocalCache$Strength$2                                   : loaded 2 times (x 81B)
Class com.amazon.ion.IonTimestamp                                                     : loaded 2 times (x 70B)
Class com.amazon.ion.impl.bin.PooledBlockAllocatorProvider$PooledBlockAllocator       : loaded 2 times (x 81B)
Class com.intellij.platform.diagnostic.telemetry.rt.context.TelemetryContextGetter    : loaded 2 times (x 75B)
Class org.jetbrains.plugins.gradle.tooling.serialization.GradleExtensionsSerializationService: loaded 2 times (x 77B)
Class org.gradle.api.JavaVersion                                                      : loaded 2 times (x 79B)
Class org.gradle.tooling.model.Dependency                                             : loaded 2 times (x 70B)
Class com.google.common.collect.TransformedIterator                                   : loaded 2 times (x 80B)
Class com.google.common.base.Splitter$1                                               : loaded 2 times (x 77B)
Class com.google.common.io.ByteStreams                                                : loaded 2 times (x 71B)
Class com.android.builder.model.v2.ide.AbstractArtifact                               : loaded 2 times (x 70B)
Class com.google.common.cache.LocalCache$Strength$3                                   : loaded 2 times (x 81B)
Class com.google.common.collect.MapDifference                                         : loaded 2 times (x 70B)
Class com.amazon.ion.IonDatagram                                                      : loaded 2 times (x 70B)
Class com.amazon.ion.impl.bin.IonManagedBinaryWriter$ImportedSymbolResolverMode$1$1   : loaded 2 times (x 78B)
Class com.amazon.ion.impl._Private_ByteTransferSink                                   : loaded 2 times (x 70B)
Class com.intellij.openapi.externalSystem.model.project.dependencies.ResolutionState  : loaded 2 times (x 79B)
Class kotlin.text.StringsKt__RegexExtensionsJVMKt                                     : loaded 2 times (x 71B)
Class com.google.common.collect.AllEqualOrdering                                      : loaded 2 times (x 114B)
Class kotlin.collections.ArraysKt___ArraysJvmKt                                       : loaded 2 times (x 71B)
Class kotlin.collections.CollectionsKt__CollectionsKt                                 : loaded 2 times (x 71B)
Class com.google.common.reflect.Invokable                                             : loaded 2 times (x 103B)
Class org.objectweb.asm.FieldWriter                                                   : loaded 2 times (x 78B)
Class com.google.common.cache.CacheBuilder$NullListener                               : loaded 2 times (x 82B)
Class com.google.gson.LongSerializationPolicy                                         : loaded 2 times (x 80B)
Class org.jetbrains.plugins.gradle.model.ExternalLibraryDependency                    : loaded 2 times (x 70B)
Class kotlin.text.Regex$Companion                                                     : loaded 2 times (x 71B)
Class org.gradle.internal.classpath.TransformedClassPath                              : loaded 2 times (x 96B)
Class org.gradle.internal.classloader.InstrumentingClassLoader                        : loaded 2 times (x 70B)
Class org.apache.commons.io.output.UnsynchronizedByteArrayOutputStream                : loaded 2 times (x 102B)
Class com.google.common.reflect.Types$ParameterizedTypeImpl                           : loaded 2 times (x 81B)
Class com.google.gson.internal.bind.JsonAdapterAnnotationTypeAdapterFactory$DummyTypeAdapterFactory: loaded 2 times (x 75B)
Class com.google.common.collect.ImmutableListMultimap                                 : loaded 2 times (x 176B)
Class com.google.common.cache.CacheLoader$FunctionToCacheLoader                       : loaded 2 times (x 75B)
Class com.google.common.base.Suppliers                                                : loaded 2 times (x 71B)
Class [Lcom.google.common.cache.CacheBuilder$OneWeigher;                              : loaded 2 times (x 69B)
Class com.amazon.ion.IonValue                                                         : loaded 2 times (x 70B)
Class kotlin.jvm.internal.FunctionReference                                           : loaded 2 times (x 126B)
Class [Lkotlin.coroutines.intrinsics.CoroutineSingletons;                             : loaded 2 times (x 69B)
Class kotlin.jvm.internal.FunctionBase                                                : loaded 2 times (x 70B)
Class kotlin.enums.EnumEntriesList                                                    : loaded 2 times (x 223B)
Class org.apache.commons.io.output.ByteArrayOutputStream                              : loaded 2 times (x 102B)
Class com.google.common.reflect.TypeResolver$TypeVariableKey                          : loaded 2 times (x 72B)
Class com.google.common.collect.EmptyImmutableListMultimap                            : loaded 2 times (x 176B)
Class com.google.common.collect.BaseImmutableMultimap                                 : loaded 2 times (x 123B)
Class org.objectweb.asm.MethodTooLargeException                                       : loaded 2 times (x 83B)
Class com.google.common.base.MoreObjects                                              : loaded 2 times (x 71B)
Class com.google.gson.internal.bind.DefaultDateTypeAdapter                            : loaded 2 times (x 74B)
Class com.google.gson.GsonBuilder                                                     : loaded 2 times (x 72B)
Class com.amazon.ion.impl.bin.IonRawBinaryWriter$ContainerType                        : loaded 2 times (x 79B)
Class com.amazon.ion.impl._Private_IonTextWriterBuilder$Mutable                       : loaded 2 times (x 102B)
Class kotlin.comparisons.ComparisonsKt___ComparisonsJvmKt                             : loaded 2 times (x 71B)
Class kotlin.collections.CollectionsKt__IteratorsJVMKt                                : loaded 2 times (x 71B)
Class com.android.builder.model.v2.ide.TestInfo$Execution                             : loaded 2 times (x 79B)
Class com.google.gson.internal.Primitives                                             : loaded 2 times (x 71B)
Class com.google.common.collect.Platform                                              : loaded 2 times (x 71B)
Class [Lorg.objectweb.asm.Type;                                                       : loaded 2 times (x 69B)
Class com.google.gson.stream.JsonWriter                                               : loaded 2 times (x 98B)
Class com.google.common.base.Platform$JdkPatternCompiler                              : loaded 2 times (x 75B)
Class org.jetbrains.kotlin.idea.gradleTooling.KotlinSourceSetContainer                : loaded 2 times (x 70B)
Class io.opentelemetry.context.ContextStorageWrappers                                 : loaded 2 times (x 71B)
Class io.opentelemetry.context.propagation.DefaultContextPropagators                  : loaded 2 times (x 75B)
Class org.jetbrains.plugins.gradle.model.IntelliJSettings                             : loaded 2 times (x 70B)
Class kotlin.Result                                                                   : loaded 2 times (x 72B)
Class org.gradle.internal.service.ServiceLocator                                      : loaded 2 times (x 70B)
Class org.gradle.internal.operations.MultipleBuildOperationFailures                   : loaded 2 times (x 95B)
Class org.apache.commons.io.FileExistsException                                       : loaded 2 times (x 82B)
Class com.google.common.base.Ascii                                                    : loaded 2 times (x 71B)
Class com.google.common.collect.SingletonImmutableBiMap                               : loaded 2 times (x 143B)
Class com.google.common.cache.LocalCache$1                                            : loaded 2 times (x 89B)
Class com.google.gson.internal.bind.TypeAdapterRuntimeTypeWrapper                     : loaded 2 times (x 74B)
Class org.gradle.tooling.internal.adapter.MethodInvocation                            : loaded 2 times (x 85B)
Class com.google.common.collect.AbstractMapEntry                                      : loaded 2 times (x 81B)
Class com.amazon.ion.impl.IonWriterSystem                                             : loaded 2 times (x 171B)
Class com.amazon.ion.impl.bin.Symbols$2                                               : loaded 2 times (x 107B)
Class com.amazon.ion.impl.bin._Private_IonManagedWriter                               : loaded 2 times (x 70B)
Class com.android.ide.gradle.model.GradlePropertiesModel                              : loaded 2 times (x 70B)
Class sync_studio_tooling1_dheznpguc9e2frit4fysw6zq3                                  : loaded 2 times (x 179B)
Class kotlin.sequences.TransformingSequence$iterator$1                                : loaded 2 times (x 79B)
Class kotlin.Pair                                                                     : loaded 2 times (x 72B)
Class org.gradle.tooling.internal.adapter.ProtocolToModelAdapter$SupportedPropertyInvoker: loaded 2 times (x 76B)
Class org.gradle.tooling.model.UnsupportedMethodException                             : loaded 2 times (x 82B)
Class com.google.common.reflect.TypeToken$SimpleTypeToken                             : loaded 2 times (x 73B)
Class com.google.common.io.ByteSource$ByteArrayByteSource                             : loaded 2 times (x 85B)
Class com.android.builder.model.v2.ide.BytecodeTransformation                         : loaded 2 times (x 79B)
Class com.google.common.collect.Sets$ImprovedAbstractSet                              : loaded 2 times (x 135B)
Class kotlin.sequences.TransformingSequence                                           : loaded 2 times (x 75B)
Class com.google.common.collect.AbstractMultimap                                      : loaded 2 times (x 123B)
Class com.google.common.cache.LocalCache$2                                            : loaded 2 times (x 142B)
Class com.amazon.ion.impl.lite.IonContainerLite                                       : loaded 2 times (x 249B)
Class com.amazon.ion.IonBufferConfiguration$OversizedSymbolTableHandler               : loaded 2 times (x 70B)
Class com.amazon.ion.system.IonWriterBuilder                                          : loaded 2 times (x 74B)
Class org.jetbrains.plugins.gradle.tooling.serialization.ToolingStreamApiUtils        : loaded 2 times (x 71B)
Class com.amazon.ion.facet.Faceted                                                    : loaded 2 times (x 70B)
Class kotlin.collections.CollectionsKt__MutableCollectionsKt                          : loaded 2 times (x 71B)
Class io.opentelemetry.api.internal.OtelEncodingUtils                                 : loaded 2 times (x 71B)
Class com.android.builder.model.v2.ide.CodeShrinker                                   : loaded 2 times (x 79B)
Class com.google.gson.internal.bind.MapTypeAdapterFactory$Adapter                     : loaded 2 times (x 74B)
Class com.google.gson.internal.sql.SqlTimeTypeAdapter$1                               : loaded 2 times (x 75B)
Class com.intellij.util.ThrowableConsumer                                             : loaded 2 times (x 70B)
Class com.amazon.ion.impl.bin.utf8.Poolable                                           : loaded 2 times (x 79B)
Class com.amazon.ion.IonSymbol                                                        : loaded 2 times (x 70B)
Class io.opentelemetry.api.trace.SpanContext                                          : loaded 2 times (x 70B)
Class io.opentelemetry.api.trace.DefaultTracer$NoopSpanBuilder                        : loaded 2 times (x 91B)
Class org.jetbrains.plugins.gradle.tooling.serialization.AnnotationProcessingModelSerializationService$WriteContext: loaded 2 times (x 72B)
Class kotlin.io.TerminateException                                                    : loaded 2 times (x 82B)
Class kotlin.io.FilesKt__FilePathComponentsKt                                         : loaded 2 times (x 71B)
Class kotlin.reflect.KCallable                                                        : loaded 2 times (x 70B)
Class com.google.common.base.Optional                                                 : loaded 2 times (x 80B)
Class com.google.gson.TypeAdapterFactory                                              : loaded 2 times (x 70B)
Class com.google.common.util.concurrent.AbstractFuture$Trusted                        : loaded 2 times (x 70B)
Class com.google.gson.internal.bind.JsonTreeReader                                    : loaded 2 times (x 98B)
Class com.intellij.compose.ide.plugin.gradleTooling.rt.ComposeResourcesModel          : loaded 2 times (x 70B)
Class com.intellij.gradle.toolingExtension.impl.util.collectionUtil.GradleCollections : loaded 2 times (x 71B)
Class com.amazon.ion.impl.lite.IonStructLite                                          : loaded 2 times (x 299B)
Class com.amazon.ion.impl._Private_ReaderWriter                                       : loaded 2 times (x 70B)
Class com.amazon.ion.impl.bin.AbstractSymbolTable                                     : loaded 2 times (x 107B)
Class com.amazon.ion.Decimal                                                          : loaded 2 times (x 133B)
Class com.amazon.ion.impl.bin._Private_IonManagedBinaryWriterBuilder$AllocatorMode$1  : loaded 2 times (x 80B)
Class org.jetbrains.plugins.gradle.tooling.serialization.ProjectDependenciesSerializationService$WriteContext: loaded 2 times (x 72B)
Class org.jetbrains.plugins.gradle.tooling.serialization.ProjectDependenciesSerializationService: loaded 2 times (x 77B)
Class kotlin.collections.AbstractIterator                                             : loaded 2 times (x 83B)
Class kotlin.text.CharsKt                                                             : loaded 2 times (x 71B)
Class org.gradle.tooling.internal.adapter.CollectionMapper                            : loaded 2 times (x 73B)
Class [Lcom.android.builder.model.v2.ide.LibraryType;                                 : loaded 2 times (x 69B)
Class com.android.builder.model.v2.ide.LibraryType                                    : loaded 2 times (x 79B)
Class com.google.common.io.ByteSink$AsCharSink                                        : loaded 2 times (x 80B)
Class com.google.gson.internal.bind.TypeAdapters$30                                   : loaded 2 times (x 76B)
Class com.google.common.util.concurrent.UncheckedExecutionException                   : loaded 2 times (x 82B)
Class com.google.gson.internal.bind.DefaultDateTypeAdapter$DateType                   : loaded 2 times (x 73B)
Class build_eu4xmq9tw6473xt4pl7dw2k29$_run_closure1$_closure3                         : loaded 2 times (x 139B)
Class com.amazon.ion.impl.lite.IonFloatLite                                           : loaded 2 times (x 187B)
Class com.amazon.ion.impl._Private_IonTextWriterBuilder                               : loaded 2 times (x 102B)
Class com.amazon.ion.impl.bin._Private_IonManagedBinaryWriterBuilder$AllocatorMode$2  : loaded 2 times (x 80B)
Class io.opentelemetry.api.trace.DefaultTracerProvider                                : loaded 2 times (x 79B)
Class com.google.common.collect.ExplicitOrdering                                      : loaded 2 times (x 115B)
Class com.google.gson.internal.bind.ReflectiveTypeAdapterFactory$1                    : loaded 2 times (x 74B)
Class org.jetbrains.plugins.gradle.ExternalDependencyId                               : loaded 2 times (x 70B)
Class com.amazon.ion.impl._Private_IonReaderBuilder                                   : loaded 2 times (x 97B)
Class com.amazon.ion.IonMutableCatalog                                                : loaded 2 times (x 70B)
Class gnu.trove.THash                                                                 : loaded 2 times (x 81B)
Class com.intellij.gradle.toolingExtension.impl.model.buildScriptClasspathModel.GradleBuildScriptClasspathSerializationService$WriteContext: loaded 2 times (x 72B)
Class org.gradle.tooling.internal.adapter.ProtocolToModelAdapter                      : loaded 2 times (x 80B)
Class org.gradle.internal.InternalTransformer                                         : loaded 2 times (x 70B)
Class ijJvmDebugger1_3vjx8ps0sabk4wmhw6k3wpgls$_run_closure1                          : loaded 2 times (x 139B)
Class com.android.builder.model.v2.ide.AndroidGradlePluginProjectFlags$BooleanFlag    : loaded 2 times (x 79B)
Class com.google.common.collect.AbstractMapBasedMultimap$KeySet$1                     : loaded 2 times (x 82B)
Class com.android.ide.common.gradle.Separator                                         : loaded 2 times (x 79B)
Class org.objectweb.asm.ClassWriter                                                   : loaded 2 times (x 106B)
Class com.google.common.cache.CacheLoader$UnsupportedLoadingOperationException        : loaded 2 times (x 82B)
Class org.objectweb.asm.ClassVisitor                                                  : loaded 2 times (x 88B)
Class com.google.gson.internal.bind.ReflectiveTypeAdapterFactory$2                    : loaded 2 times (x 79B)
Class [Lio.opentelemetry.context.ThreadLocalContextStorage$NoopScope;                 : loaded 2 times (x 69B)
Class io.opentelemetry.context.ThreadLocalContextStorage$NoopScope                    : loaded 2 times (x 85B)
Class kotlin.collections.MapsKt__MapsJVMKt                                            : loaded 2 times (x 71B)
Class kotlin.collections.EmptyList                                                    : loaded 2 times (x 174B)
Class org.gradle.internal.time.DefaultTimer                                           : loaded 2 times (x 80B)
Class org.gradle.internal.classloader.ClasspathUtil$1                                 : loaded 2 times (x 76B)
Class [Lorg.objectweb.asm.Symbol;                                                     : loaded 2 times (x 69B)
Class org.objectweb.asm.FieldVisitor                                                  : loaded 2 times (x 77B)
Class com.google.gson.ToNumberStrategy                                                : loaded 2 times (x 70B)
Class com.google.gson.TypeAdapter                                                     : loaded 2 times (x 73B)
Class com.google.common.collect.IndexedImmutableSet                                   : loaded 2 times (x 152B)
Class com.google.common.collect.ImmutableMap$1                                        : loaded 2 times (x 81B)
Class com.google.common.collect.BiMap                                                 : loaded 2 times (x 70B)
Class com.amazon.ion.impl.bin.PooledBlockAllocatorProvider$PooledBlockAllocator$1     : loaded 2 times (x 79B)
Class com.amazon.ion.impl.lite.IonStringLite                                          : loaded 2 times (x 213B)
Class io.opentelemetry.context.ImplicitContextKeyed                                   : loaded 2 times (x 70B)
Class org.gradle.tooling.internal.adapter.ProtocolToModelAdapter$ViewKey              : loaded 2 times (x 72B)
Class org.gradle.api.internal.classpath.DefaultModuleRegistry$DefaultModule           : loaded 2 times (x 86B)
Class com.google.common.reflect.Reflection                                            : loaded 2 times (x 71B)
Class com.google.common.base.Absent                                                   : loaded 2 times (x 80B)
Class com.android.builder.model.v2.CustomSourceDirectory                              : loaded 2 times (x 70B)
Class com.google.common.primitives.Ints                                               : loaded 2 times (x 71B)
Class com.android.ide.common.repository.AgpVersion                                    : loaded 2 times (x 75B)
Class com.android.utils.FileUtils                                                     : loaded 2 times (x 71B)
Class com.amazon.ion.impl.bin.Block                                                   : loaded 2 times (x 79B)
Class io.opentelemetry.context.DefaultContextKey                                      : loaded 2 times (x 72B)
Class com.google.common.collect.NullsFirstOrdering                                    : loaded 2 times (x 115B)
Class kotlin.ResultKt                                                                 : loaded 2 times (x 71B)
Class org.gradle.tooling.internal.adapter.ProtocolToModelAdapter$PropertyCachingMethodInvoker: loaded 2 times (x 76B)
Class ijJvmDebugger1_3vjx8ps0sabk4wmhw6k3wpgls                                        : loaded 2 times (x 179B)
Class com.android.builder.model.v2.models.ProjectSyncIssues                           : loaded 2 times (x 70B)
Class com.google.common.collect.ObjectArrays                                          : loaded 2 times (x 71B)
Class com.google.common.collect.Multiset                                              : loaded 2 times (x 70B)
Class com.google.common.collect.ArrayListMultimapGwtSerializationDependencies         : loaded 2 times (x 172B)
Class com.android.builder.model.v2.ide.AaptOptions$Namespacing                        : loaded 2 times (x 79B)
Class com.google.common.math.MathPreconditions                                        : loaded 2 times (x 71B)
Class com.intellij.openapi.externalSystem.model.ExternalSystemException               : loaded 2 times (x 86B)
Class org.jetbrains.plugins.gradle.model.ExternalTask                                 : loaded 2 times (x 70B)
Class com.amazon.ion.impl.bin.utf8.Utf8StringEncoderPool$1                            : loaded 2 times (x 76B)
Class com.amazon.ion.impl.lite.IonLoaderLite                                          : loaded 2 times (x 82B)
Class com.amazon.ion.impl.lite.IonContext                                             : loaded 2 times (x 70B)
Class com.amazon.ion.impl.IonWriterSystemText                                         : loaded 2 times (x 190B)
Class [Lcom.amazon.ion.impl.bin.IonManagedBinaryWriter$ImportedSymbolResolverMode;    : loaded 2 times (x 69B)
Class com.amazon.ion.ValueFactory                                                     : loaded 2 times (x 70B)
Class io.opentelemetry.api.internal.IncubatingUtil                                    : loaded 2 times (x 71B)
Class io.opentelemetry.api.GlobalOpenTelemetry$ObfuscatedOpenTelemetry                : loaded 2 times (x 92B)
Class kotlin.collections.ArraysKt__ArraysKt                                           : loaded 2 times (x 71B)
Class kotlin.Result$Failure                                                           : loaded 2 times (x 72B)
Class org.gradle.internal.time.DefaultCountdownTimer                                  : loaded 2 times (x 88B)
Class org.apache.commons.io.output.NullOutputStream                                   : loaded 2 times (x 85B)
Class com.google.gson.internal.ObjectConstructor                                      : loaded 2 times (x 70B)
Class com.google.common.collect.ImmutableMapEntrySet                                  : loaded 2 times (x 152B)
Class com.amazon.ion.impl.bin.IonManagedBinaryWriter$SymbolResolver                   : loaded 2 times (x 70B)
Class com.amazon.ion.impl._Private_SymbolToken                                        : loaded 2 times (x 70B)
Class com.amazon.ion.impl.bin._Private_IonManagedBinaryWriterBuilder$AllocatorMode    : loaded 2 times (x 80B)
Class org.jetbrains.plugins.gradle.model.GradleTaskModel                              : loaded 2 times (x 70B)
Class org.jetbrains.plugins.gradle.tooling.util.ObjectCollector                       : loaded 2 times (x 72B)
Class kotlin.collections.SetsKt__SetsJVMKt                                            : loaded 2 times (x 71B)
Class kotlin.Function                                                                 : loaded 2 times (x 70B)
Class org.gradle.tooling.internal.adapter.ProtocolToModelAdapter$AdaptingMethodInvoker: loaded 2 times (x 76B)
Class org.gradle.tooling.internal.gradle.DefaultBuildIdentifier                       : loaded 2 times (x 79B)
Class org.gradle.api.internal.classpath.Module                                        : loaded 2 times (x 70B)
Class com.google.common.cache.Weigher                                                 : loaded 2 times (x 70B)
Class [Lcom.amazon.ion.util.GzipStreamInterceptor;                                    : loaded 2 times (x 69B)
Class com.amazon.ion.impl._Private_IonReaderBuilder$Mutable                           : loaded 2 times (x 97B)
Class com.intellij.openapi.externalSystem.model.project.IExternalSystemSourceType     : loaded 2 times (x 70B)
Class kotlin.io.FileAlreadyExistsException                                            : loaded 2 times (x 82B)
Class kotlin.internal.ProgressionUtilKt                                               : loaded 2 times (x 71B)
Class org.gradle.api.internal.classpath.UnknownModuleException                        : loaded 2 times (x 82B)
Class com.google.common.base.Stopwatch                                                : loaded 2 times (x 72B)
Class com.google.common.cache.LocalCache$Strength                                     : loaded 2 times (x 81B)
Class com.google.common.cache.Cache                                                   : loaded 2 times (x 70B)
Class com.google.gson.stream.JsonReader$1                                             : loaded 2 times (x 72B)
Class io.opentelemetry.api.trace.TraceStateBuilder                                    : loaded 2 times (x 70B)
Class com.intellij.openapi.externalSystem.model.project.dependencies.ProjectDependencies: loaded 2 times (x 70B)
Class org.jetbrains.plugins.gradle.tooling.serialization.ProjectDependenciesSerializationService$ReadContext: loaded 2 times (x 72B)
Class kotlin.sequences.DistinctIterator                                               : loaded 2 times (x 83B)
Class org.apache.commons.io.filefilter.IOFileFilter                                   : loaded 2 times (x 70B)
Class com.google.common.io.AppendableWriter                                           : loaded 2 times (x 100B)
Class com.google.common.base.NullnessCasts                                            : loaded 2 times (x 71B)
Class com.google.common.util.concurrent.AbstractFuture$Cancellation                   : loaded 2 times (x 72B)
Class com.google.common.collect.ImmutableMap$Builder                                  : loaded 2 times (x 82B)
Class com.google.common.collect.AbstractMapBasedMultimap$WrappedCollection$WrappedIterator: loaded 2 times (x 84B)
Class com.google.common.base.Present                                                  : loaded 2 times (x 81B)
Class com.google.common.base.Throwables                                               : loaded 2 times (x 71B)
Class com.google.common.cache.RemovalListener                                         : loaded 2 times (x 70B)
Class [Lcom.google.gson.ToNumberPolicy;                                               : loaded 2 times (x 69B)
Class com.google.gson.ToNumberPolicy                                                  : loaded 2 times (x 83B)
Class com.amazon.ion.IonBufferConfiguration                                           : loaded 2 times (x 72B)
Class com.amazon.ion.impl.bin.Symbols                                                 : loaded 2 times (x 71B)
Class org.jetbrains.plugins.gradle.tooling.serialization.RepositoriesModelSerializationService: loaded 2 times (x 82B)
Class com.android.ide.gradle.model.artifacts.AdditionalClassifierArtifactsModel       : loaded 2 times (x 70B)
Class org.gradle.tooling.internal.gradle.GradleProjectIdentity                        : loaded 2 times (x 70B)
Class org.gradle.api.internal.DefaultClassPathRegistry                                : loaded 2 times (x 76B)
Class org.apache.commons.io.file.DeleteOption                                         : loaded 2 times (x 70B)
Class com.google.common.reflect.Invokable$ConstructorInvokable                        : loaded 2 times (x 107B)
Class com.google.common.collect.ImmutableMultimap$Keys                                : loaded 2 times (x 166B)
Class com.android.builder.model.v2.ide.JavaArtifact                                   : loaded 2 times (x 70B)
Class com.google.common.primitives.IntsMethodsForWeb                                  : loaded 2 times (x 71B)
Class com.google.common.reflect.TypeCapture                                           : loaded 2 times (x 71B)
Class [Lcom.amazon.ion.impl.bin.AbstractIonWriter$WriteValueOptimization;             : loaded 2 times (x 69B)
Class io.opentelemetry.api.internal.AutoValue_ImmutableSpanContext                    : loaded 2 times (x 92B)
Class org.jetbrains.plugins.gradle.tooling.serialization.RepositoriesModelSerializationService$ReadContext: loaded 2 times (x 72B)
Class kotlin.ranges.ClosedRange                                                       : loaded 2 times (x 70B)
Class org.gradle.api.internal.ClassPathRegistry                                       : loaded 2 times (x 70B)
Class org.gradle.internal.classpath.DefaultClassPath$ImmutableUniqueList              : loaded 2 times (x 199B)
Class org.apache.commons.io.IOUtils                                                   : loaded 2 times (x 71B)
Class com.google.common.reflect.TypeToken                                             : loaded 2 times (x 73B)
Class org.gradle.tooling.internal.adapter.TargetTypeProvider                          : loaded 2 times (x 70B)
Class com.amazon.ion.impl.bin.IonManagedBinaryWriter$UserState                        : loaded 2 times (x 85B)
Class com.amazon.ion.impl._Private_IonWriter                                          : loaded 2 times (x 70B)
Class com.amazon.ion.impl.bin._Private_IonManagedBinaryWriterBuilder                  : loaded 2 times (x 72B)
Class com.intellij.gradle.toolingExtension.impl.model.projectModel.GradleExternalProjectSerializationService$WriteContext: loaded 2 times (x 73B)
Class kotlin.text.StringsKt__StringsJVMKt                                             : loaded 2 times (x 71B)
Class kotlin.collections.IntIterator                                                  : loaded 2 times (x 82B)
Class com.google.common.collect.NullnessCasts                                         : loaded 2 times (x 71B)
Class com.google.common.io.ByteSink                                                   : loaded 2 times (x 76B)
Class com.android.builder.model.v2.dsl.SigningConfig                                  : loaded 2 times (x 70B)
Class com.android.builder.model.v2.models.AndroidProject                              : loaded 2 times (x 70B)
Class com.android.builder.model.v2.AndroidModel                                       : loaded 2 times (x 70B)
Class com.google.common.cache.CacheBuilder                                            : loaded 2 times (x 72B)
Class com.google.gson.internal.bind.ArrayTypeAdapter$1                                : loaded 2 times (x 75B)
Class com.google.gson.internal.bind.JsonTreeWriter                                    : loaded 2 times (x 98B)
Class kotlin.ranges.IntProgression$Companion                                          : loaded 2 times (x 71B)
Class [Lcom.amazon.ion.SymbolToken;                                                   : loaded 2 times (x 69B)
Class io.opentelemetry.api.trace.ImmutableTraceFlags                                  : loaded 2 times (x 77B)
Class kotlin.text.StringsKt__IndentKt                                                 : loaded 2 times (x 71B)
Class kotlin.collections.SetsKt                                                       : loaded 2 times (x 71B)
Class org.gradle.internal.classpath.ClassPath                                         : loaded 2 times (x 70B)
Class org.gradle.api.UncheckedIOException                                             : loaded 2 times (x 82B)
Class [Lcom.google.common.reflect.Types$JavaVersion;                                  : loaded 2 times (x 69B)
Class com.google.common.io.Files$FileByteSource                                       : loaded 2 times (x 85B)
Class com.google.common.base.JdkPattern                                               : loaded 2 times (x 75B)
Class org.jetbrains.plugins.gradle.model.GradleExtensions                             : loaded 2 times (x 70B)
Class org.jetbrains.plugins.gradle.model.ExternalProjectDependency                    : loaded 2 times (x 70B)
Class org.jetbrains.plugins.gradle.tooling.serialization.KotlinDslScriptsModelSerializationService: loaded 2 times (x 81B)
Class kotlin.reflect.KFunction                                                        : loaded 2 times (x 70B)
Class kotlin.collections.ArrayDeque                                                   : loaded 2 times (x 207B)
Class com.google.common.io.CharStreams$NullWriter                                     : loaded 2 times (x 99B)
Class org.objectweb.asm.SymbolTable$Entry                                             : loaded 2 times (x 74B)
Class com.google.gson.internal.JsonReaderInternalAccess                               : loaded 2 times (x 72B)
Class com.amazon.ion.system.IonSystemBuilder$Mutable                                  : loaded 2 times (x 75B)
Class com.amazon.ion.impl.bin.IonManagedBinaryWriter$SymbolResolverBuilder            : loaded 2 times (x 70B)
Class org.jetbrains.kotlin.idea.gradleTooling.KotlinGradleModel                       : loaded 2 times (x 70B)
Class [Lio.opentelemetry.api.trace.TraceFlags;                                        : loaded 2 times (x 69B)
Class [Lio.opentelemetry.context.ContextStorage;                                      : loaded 2 times (x 69B)
Class com.intellij.platform.diagnostic.telemetry.rt.context.TelemetryContext          : loaded 2 times (x 134B)
Class org.jetbrains.plugins.gradle.tooling.serialization.ExternalTestsSerializationService$WriteContext: loaded 2 times (x 72B)
Class kotlin.collections.MapsKt__MapsKt                                               : loaded 2 times (x 71B)
Class com.android.builder.model.v2.ide.Variant                                        : loaded 2 times (x 70B)
Class org.objectweb.asm.Edge                                                          : loaded 2 times (x 72B)
Class com.google.common.base.Suppliers$SupplierOfInstance                             : loaded 2 times (x 79B)
Class com.google.gson.internal.bind.ReflectiveTypeAdapterFactory                      : loaded 2 times (x 75B)
Class com.google.gson.internal.sql.SqlTimestampTypeAdapter                            : loaded 2 times (x 76B)
Class org.jetbrains.plugins.gradle.model.AnnotationProcessingModel                    : loaded 2 times (x 70B)
Class com.amazon.ion.impl.bin.IonManagedBinaryWriter$LocalSymbolTableView             : loaded 2 times (x 119B)
Class com.amazon.ion.impl.bin.IonRawBinaryWriter$ThrowingRunnable                     : loaded 2 times (x 70B)
Class io.opentelemetry.context.ThreadLocalContextStorage                              : loaded 2 times (x 85B)
Class org.gradle.tooling.model.Model                                                  : loaded 2 times (x 70B)
Class com.google.common.reflect.TypeToken$1                                           : loaded 2 times (x 110B)
Class com.google.common.cache.LocalCache$ComputingValueReference                      : loaded 2 times (x 96B)
Class com.google.gson.internal.sql.SqlDateTypeAdapter$1                               : loaded 2 times (x 75B)
Class io.opentelemetry.context.ContextStorageProvider                                 : loaded 2 times (x 70B)
Class com.google.common.collect.ImmutableMap$IteratorBasedImmutableMap                : loaded 2 times (x 126B)
Class com.amazon.ion.UnknownSymbolException                                           : loaded 2 times (x 86B)
Class com.android.ide.gradle.model.composites.BuildMap                                : loaded 2 times (x 70B)
Class kotlin.text.MatchResult$Destructured                                            : loaded 2 times (x 72B)
Class kotlin.Metadata                                                                 : loaded 2 times (x 70B)
Class kotlin.UninitializedPropertyAccessException                                     : loaded 2 times (x 82B)
Class com.google.common.reflect.TypeToken$2                                           : loaded 2 times (x 110B)
Class com.google.common.collect.AbstractMapBasedMultimap$AsMap$AsMapEntries           : loaded 2 times (x 138B)
Class com.android.builder.model.v2.ide.Library                                        : loaded 2 times (x 70B)
Class com.android.builder.model.v2.ide.ArtifactDependenciesAdjacencyList              : loaded 2 times (x 70B)
Class com.android.builder.model.v2.models.Versions                                    : loaded 2 times (x 70B)
Class com.google.common.cache.LocalCache$Segment                                      : loaded 2 times (x 154B)
Class io.opentelemetry.context.Context                                                : loaded 2 times (x 70B)
Class org.jetbrains.plugins.gradle.model.IntelliJProjectSettings                      : loaded 2 times (x 70B)
Class org.gradle.tooling.internal.adapter.ProtocolToModelAdapter$MethodInvocationCache: loaded 2 times (x 73B)
Class com.amazon.ion.system.IonBinaryWriterBuilder                                    : loaded 2 times (x 99B)
Class com.android.builder.model.v2.models.ndk.NativeModule                            : loaded 2 times (x 70B)
Class com.google.common.collect.AbstractListMultimap                                  : loaded 2 times (x 172B)
Class [Lorg.objectweb.asm.SymbolTable$Entry;                                          : loaded 2 times (x 69B)
Class com.google.common.cache.CacheLoader                                             : loaded 2 times (x 74B)
Class com.google.gson.internal.bind.ReflectiveTypeAdapterFactory$Adapter              : loaded 2 times (x 77B)
Class com.google.gson.internal.bind.TypeAdapters$10                                   : loaded 2 times (x 75B)
Class com.amazon.ion.impl.bin.IonManagedBinaryWriter$UserState$4                      : loaded 2 times (x 85B)
Class com.google.common.collect.ImmutableBiMap                                        : loaded 2 times (x 143B)
Class org.jetbrains.plugins.gradle.model.ExternalDependency                           : loaded 2 times (x 70B)
Class com.intellij.util.containers.IntObjectHashMap                                   : loaded 2 times (x 72B)
Class org.gradle.internal.installation.GradleInstallation$1                           : loaded 2 times (x 75B)
Class org.gradle.api.internal.classpath.ModuleRegistry                                : loaded 2 times (x 70B)
Class org.apache.commons.io.output.NullWriter                                         : loaded 2 times (x 99B)
Class com.google.common.base.Splitter$SplittingIterator                               : loaded 2 times (x 84B)
Class com.google.common.util.concurrent.internal.InternalFutureFailureAccess          : loaded 2 times (x 72B)
Class com.google.gson.internal.bind.TypeAdapters$11                                   : loaded 2 times (x 75B)
Class [Lcom.google.gson.FieldNamingPolicy;                                            : loaded 2 times (x 69B)
Class com.android.ide.common.repository.AgpVersion$PreviewKind$Companion              : loaded 2 times (x 71B)
Class org.jetbrains.plugins.gradle.model.UnresolvedExternalDependency                 : loaded 2 times (x 70B)
Class com.google.common.collect.ImmutableSet$JdkBackedSetBuilderImpl                  : loaded 2 times (x 76B)
Class build_eu4xmq9tw6473xt4pl7dw2k29                                                 : loaded 2 times (x 180B)
Class com.amazon.ion.impl.bin.IonManagedBinaryWriter$SymbolState$1                    : loaded 2 times (x 80B)
Class com.amazon.ion.impl.LocalSymbolTableAsStruct$Factory                            : loaded 2 times (x 79B)
Class [Lcom.amazon.ion.IonType;                                                       : loaded 2 times (x 69B)
Class org.jetbrains.plugins.gradle.model.VersionCatalogsModel                         : loaded 2 times (x 70B)
Class com.intellij.gradle.toolingExtension.impl.model.sourceSetDependencyModel.GradleSourceSetDependencySerialisationService$SourceSetDependencyModelReadContext: loaded 2 times (x 72B)
Class com.intellij.gradle.toolingExtension.impl.model.dependencyModel.DependencyReadContext: loaded 2 times (x 72B)
Class org.gradle.tooling.internal.adapter.ObjectGraphAdapter                          : loaded 2 times (x 70B)
Class com.google.common.collect.ImmutableMultimap$Values                              : loaded 2 times (x 126B)
Class com.android.builder.model.v2.ide.Installation                                   : loaded 2 times (x 70B)
Class com.google.common.cache.LocalCache$LocalManualCache$1                           : loaded 2 times (x 75B)
Class com.google.common.collect.ImmutableMap$MapViewOfValuesAsSingletonSets           : loaded 2 times (x 126B)
Class com.google.gson.internal.bind.TypeAdapters$12                                   : loaded 2 times (x 75B)
Class [Lcom.google.gson.ToNumberStrategy;                                             : loaded 2 times (x 69B)
Class org.jetbrains.plugins.gradle.model.ProjectImportModelProvider                   : loaded 2 times (x 70B)
Class org.jetbrains.plugins.gradle.model.ExternalSourceSet                            : loaded 2 times (x 70B)
Class com.amazon.ion.impl.bin.IonManagedBinaryWriter$SymbolState$2                    : loaded 2 times (x 80B)
Class com.amazon.ion.IonNull                                                          : loaded 2 times (x 70B)
Class com.intellij.gradle.toolingExtension.impl.model.warmUp.GradleTaskWarmUpRequest  : loaded 2 times (x 70B)
Class com.android.ide.gradle.model.LegacyAndroidGradlePluginPropertiesModelParameters : loaded 2 times (x 70B)
Class com.google.common.collect.ImmutableSortedAsList                                 : loaded 2 times (x 221B)
Class kotlin.text.RegexKt                                                             : loaded 2 times (x 71B)
Class kotlin.coroutines.intrinsics.IntrinsicsKt__IntrinsicsKt                         : loaded 2 times (x 71B)
Class com.android.builder.model.v2.models.ModelBuilderParameter                       : loaded 2 times (x 70B)
Class com.google.common.collect.RegularImmutableMap                                   : loaded 2 times (x 121B)
Class com.google.gson.internal.bind.TypeAdapters$13                                   : loaded 2 times (x 75B)
Class com.android.builder.model.v2.ide.AndroidArtifact                                : loaded 2 times (x 70B)
Class com.amazon.ion.impl.bin.IonRawBinaryWriter$ContainerInfo                        : loaded 2 times (x 74B)
Class com.amazon.ion.impl.bin.IonManagedBinaryWriter$SymbolState$3                    : loaded 2 times (x 80B)
Class com.amazon.ion.impl.bin.IonRawBinaryWriter$StreamFlushMode                      : loaded 2 times (x 79B)
Class com.amazon.ion.IonBinaryWriter                                                  : loaded 2 times (x 70B)
Class com.intellij.gradle.toolingExtension.impl.model.sourceSetArtifactIndex.GradleSourceSetArtifactBuildRequest: loaded 2 times (x 70B)
Class ijInit1_f4rn5zti3iyss1t25fob0atbk                                               : loaded 2 times (x 179B)
Class kotlin.io.FilesKt__UtilsKt                                                      : loaded 2 times (x 71B)
Class com.google.common.collect.Lists$TransformingRandomAccessList                    : loaded 2 times (x 199B)
Class kotlin.collections.CollectionsKt__CollectionsJVMKt                              : loaded 2 times (x 71B)
Class org.gradle.api.internal.classpath.DefaultModuleRegistry                         : loaded 2 times (x 86B)
Class com.google.common.io.ByteArrayDataOutput                                        : loaded 2 times (x 70B)
Class com.google.common.util.concurrent.ListenableFuture                              : loaded 2 times (x 70B)
Class com.google.common.cache.ReferenceEntry                                          : loaded 2 times (x 70B)
Class com.google.gson.internal.bind.NumberTypeAdapter$1                               : loaded 2 times (x 76B)
Class com.google.gson.internal.bind.TypeAdapters$1                                    : loaded 2 times (x 75B)
Class com.google.gson.internal.bind.TypeAdapters$14                                   : loaded 2 times (x 75B)
Class com.google.common.base.Converter                                                : loaded 2 times (x 90B)
Class org.gradle.api.internal.classpath.ManifestUtil                                  : loaded 2 times (x 71B)
Class com.amazon.ion.impl.bin.IonManagedBinaryWriter$SymbolState$4                    : loaded 2 times (x 80B)
Class [Lcom.amazon.ion.util.InputStreamInterceptor;                                   : loaded 2 times (x 69B)
Class org.jetbrains.plugins.gradle.tooling.serialization.internal.IdeaProjectSerializationService$WriteContext$1: loaded 2 times (x 83B)
Class org.jetbrains.plugins.gradle.model.ExternalProject                              : loaded 2 times (x 70B)
Class kotlin.sequences.SequencesKt                                                    : loaded 2 times (x 71B)
Class kotlin.collections.CollectionsKt__IteratorsKt                                   : loaded 2 times (x 71B)
Class [Lcom.android.builder.model.v2.ide.CodeShrinker;                                : loaded 2 times (x 69B)
Class com.google.common.collect.AbstractMapBasedMultimap                              : loaded 2 times (x 139B)
Class com.google.common.util.concurrent.AbstractFuture                                : loaded 2 times (x 106B)
Class com.google.common.base.FunctionalEquivalence                                    : loaded 2 times (x 83B)
Class com.google.gson.Strictness                                                      : loaded 2 times (x 79B)
Class com.google.gson.internal.sql.SqlTypesSupport$1                                  : loaded 2 times (x 74B)
Class com.google.gson.internal.bind.TypeAdapters$2                                    : loaded 2 times (x 75B)
Class com.google.gson.internal.bind.TypeAdapters$15                                   : loaded 2 times (x 75B)
Class org.gradle.tooling.internal.adapter.ProtocolToModelAdapter$InvocationHandlerImpl: loaded 2 times (x 77B)
Class org.gradle.tooling.model.build.GradleEnvironment                                : loaded 2 times (x 70B)
Class com.amazon.ion.impl.bin.utf8.Pool                                               : loaded 2 times (x 74B)
Class org.jetbrains.plugins.gradle.tooling.serialization.internal.IdeaProjectSerializationService$WriteContext$2: loaded 2 times (x 83B)
Class kotlin.text.StringsKt                                                           : loaded 2 times (x 71B)
Class com.google.common.reflect.TypeResolver$TypeTable                                : loaded 2 times (x 73B)
Class com.google.common.io.CharStreams                                                : loaded 2 times (x 71B)
Class com.google.common.collect.ImmutableMultiset                                     : loaded 2 times (x 163B)
Class org.objectweb.asm.RecordComponentVisitor                                        : loaded 2 times (x 77B)
Class com.google.common.cache.CacheLoader$SupplierToCacheLoader                       : loaded 2 times (x 75B)
Class com.google.gson.internal.sql.SqlTypesSupport$2                                  : loaded 2 times (x 74B)
Class com.google.gson.internal.bind.TypeAdapters$16                                   : loaded 2 times (x 75B)
Class com.google.gson.internal.bind.TypeAdapters$3                                    : loaded 2 times (x 75B)
Class com.amazon.ion.impl._Private_IonSymbol                                          : loaded 2 times (x 70B)
Class com.amazon.ion.impl.lite.IonValueLite                                           : loaded 2 times (x 148B)
Class com.amazon.ion.IonContainer                                                     : loaded 2 times (x 70B)
Class com.amazon.ion.impl.bin.PooledBlockAllocatorProvider                            : loaded 2 times (x 73B)
Class [Lio.opentelemetry.context.Scope;                                               : loaded 2 times (x 69B)
Class org.jetbrains.plugins.gradle.tooling.serialization.AnnotationProcessingModelSerializationService$ReadContext: loaded 2 times (x 72B)
Class org.jetbrains.plugins.gradle.tooling.serialization.internal.IdeaProjectSerializationService$WriteContext$3: loaded 2 times (x 83B)
Class gnu.trove.TObjectHash$NULL                                                      : loaded 2 times (x 71B)
Class org.gradle.util.internal.DefaultGradleVersion$Stage                             : loaded 2 times (x 75B)
Class kotlin.coroutines.jvm.internal.RestrictedContinuationImpl                       : loaded 2 times (x 87B)
Class ijKotlinCoroutineJvmDebugInit1_59kuf07funhdh06x21tty695i                        : loaded 2 times (x 179B)
Class com.google.common.reflect.TypeResolver$TypeTable$1                              : loaded 2 times (x 73B)
Class com.google.gson.internal.bind.TypeAdapters$17                                   : loaded 2 times (x 75B)
Class com.google.gson.internal.bind.TypeAdapters$4                                    : loaded 2 times (x 75B)
Class com.google.common.collect.Maps$EntryTransformer                                 : loaded 2 times (x 70B)
Class org.jetbrains.kotlin.idea.gradleTooling.AndroidAwareGradleModelProvider         : loaded 2 times (x 79B)
Class com.intellij.gradle.toolingExtension.impl.telemetry.GradleOpenTelemetry         : loaded 2 times (x 72B)
Class org.jetbrains.plugins.gradle.tooling.serialization.internal.IdeaProjectSerializationService$WriteContext$4: loaded 2 times (x 83B)
Class com.intellij.gradle.toolingExtension.impl.model.sourceSetDependencyModel.GradleSourceSetDependencySerialisationService$Companion: loaded 2 times (x 71B)
Class [Lkotlin.Pair;                                                                  : loaded 2 times (x 69B)
Class kotlin.text.StringsKt__StringNumberConversionsKt                                : loaded 2 times (x 71B)
Class kotlin.io.FilesKt__FileReadWriteKt                                              : loaded 2 times (x 71B)
Class com.google.common.collect.UsingToStringOrdering                                 : loaded 2 times (x 114B)
Class kotlin.text.MatchNamedGroupCollection                                           : loaded 2 times (x 70B)
Class kotlin.jvm.internal.markers.KMutableList                                        : loaded 2 times (x 70B)
Class org.gradle.internal.time.MonotonicClock                                         : loaded 2 times (x 77B)
Class org.gradle.internal.service.ServiceLookupException                              : loaded 2 times (x 82B)
Class org.jetbrains.plugins.gradle.tooling.util.IntObjectMap$ObjectFactory            : loaded 2 times (x 70B)
Class com.google.gson.annotations.JsonAdapter                                         : loaded 2 times (x 70B)
Class com.google.common.collect.Lists$ReverseList                                     : loaded 2 times (x 200B)
Class [Lcom.google.common.cache.LocalCache$EntryFactory;                              : loaded 2 times (x 69B)
Class com.google.gson.internal.bind.SerializationDelegatingTypeAdapter                : loaded 2 times (x 74B)
Class com.google.gson.internal.bind.TypeAdapters$18                                   : loaded 2 times (x 75B)
Class com.google.gson.internal.bind.TypeAdapters$5                                    : loaded 2 times (x 75B)
Class [Lio.opentelemetry.api.trace.ImmutableTraceFlags;                               : loaded 2 times (x 69B)
Class com.intellij.gradle.toolingExtension.util.GradleVersionSpecificsUtil            : loaded 2 times (x 71B)
Class io.opentelemetry.context.ContextStorage                                         : loaded 2 times (x 70B)
Class org.jetbrains.plugins.gradle.tooling.serialization.internal.IdeaProjectSerializationService$WriteContext$5: loaded 2 times (x 83B)
Class com.intellij.gradle.toolingExtension.impl.model.sourceSetDependencyModel.GradleSourceSetDependencySerialisationService$SourceSetDependencyModelWriteContext: loaded 2 times (x 72B)
Class kotlin.sequences.SequencesKt___SequencesKt$sortedWith$1                         : loaded 2 times (x 75B)
Class org.gradle.internal.classloader.ClassLoaderFactory                              : loaded 2 times (x 70B)
Class org.apache.commons.io.CloseableURLConnection                                    : loaded 2 times (x 116B)
Class com.android.builder.model.v2.ide.LibraryInfo                                    : loaded 2 times (x 70B)
Class com.google.common.base.CommonPattern                                            : loaded 2 times (x 74B)
Class com.google.common.cache.LocalCache$LocalManualCache                             : loaded 2 times (x 99B)
Class com.amazon.ion.IonException                                                     : loaded 2 times (x 84B)
Class com.google.gson.internal.bind.ReflectiveTypeAdapterFactory$FieldReflectionAdapter: loaded 2 times (x 77B)
Class com.google.gson.internal.bind.TypeAdapters$19                                   : loaded 2 times (x 75B)
Class com.google.gson.internal.bind.TypeAdapters$6                                    : loaded 2 times (x 75B)
Class com.amazon.ion.impl.bin.IntList                                                 : loaded 2 times (x 77B)
Class com.amazon.ion.impl.lite._Private_LiteDomTrampoline                             : loaded 2 times (x 71B)
Class com.amazon.ion.IonType                                                          : loaded 2 times (x 79B)
Class org.jetbrains.plugins.gradle.tooling.serialization.internal.IdeaProjectSerializationService$WriteContext$6: loaded 2 times (x 83B)
Class org.jetbrains.plugins.gradle.tooling.util.IntObjectMap                          : loaded 2 times (x 73B)
Class org.gradle.internal.service.CachingServiceLocator                               : loaded 2 times (x 82B)
Class com.amazon.ion.util.GzipStreamInterceptor                                       : loaded 2 times (x 85B)
Class com.google.common.collect.Streams                                               : loaded 2 times (x 71B)
Class com.google.common.collect.AbstractMapBasedMultimap$KeySet                       : loaded 2 times (x 137B)
Class com.google.gson.annotations.SerializedName                                      : loaded 2 times (x 70B)
Class com.google.gson.internal.bind.TypeAdapters$7                                    : loaded 2 times (x 75B)
Class com.google.common.math.IntMath                                                  : loaded 2 times (x 71B)
Class com.amazon.ion.impl.lite.ValueFactoryLite                                       : loaded 2 times (x 218B)
Class org.jetbrains.plugins.gradle.model.RepositoryModels                             : loaded 2 times (x 70B)
Class org.jetbrains.plugins.gradle.tooling.serialization.internal.IdeaProjectSerializationService$WriteContext$7: loaded 2 times (x 83B)
Class kotlin.collections.AbstractList$SubList                                         : loaded 2 times (x 198B)
Class kotlin.jvm.internal.CallableReference                                           : loaded 2 times (x 110B)
Class com.google.common.reflect.Types$TypeVariableInvocationHandler                   : loaded 2 times (x 75B)
Class org.objectweb.asm.commons.InstructionAdapter                                    : loaded 2 times (x 188B)
Class com.google.gson.internal.bind.CollectionTypeAdapterFactory$Adapter              : loaded 2 times (x 74B)
Class com.google.gson.internal.bind.TypeAdapters$8                                    : loaded 2 times (x 75B)
Class com.google.common.collect.ImmutableMapEntry                                     : loaded 2 times (x 85B)
Class com.amazon.ion.impl.bin.WriteBuffer                                             : loaded 2 times (x 78B)
Class com.amazon.ion.impl.bin.IonManagedBinaryWriter                                  : loaded 2 times (x 165B)
Class org.jetbrains.plugins.gradle.tooling.serialization.internal.IdeaProjectSerializationService$WriteContext$8: loaded 2 times (x 83B)
Class gnu.trove.TObjectIntProcedure                                                   : loaded 2 times (x 70B)
Class [Lorg.gradle.api.JavaVersion;                                                   : loaded 2 times (x 69B)
Class kotlin.ranges.IntRange                                                          : loaded 2 times (x 93B)
Class org.gradle.tooling.model.idea.IdeaDependencyScope                               : loaded 2 times (x 70B)
Class org.gradle.internal.time.TimeSource                                             : loaded 2 times (x 70B)
Class org.gradle.tooling.model.kotlin.dsl.KotlinDslScriptsModel                       : loaded 2 times (x 70B)
Class com.google.common.collect.ImmutableMultimap                                     : loaded 2 times (x 147B)
Class com.android.builder.model.v2.ide.TestInfo                                       : loaded 2 times (x 70B)
Class com.google.common.base.Equivalence                                              : loaded 2 times (x 82B)
Class com.google.gson.internal.bind.TypeAdapters$9                                    : loaded 2 times (x 75B)
Class com.amazon.ion.impl.bin.IonManagedBinaryWriter$UserState$3                      : loaded 2 times (x 85B)
Class com.google.common.collect.ImmutableMapEntry$NonTerminalImmutableMapEntry        : loaded 2 times (x 85B)
Class com.amazon.ion.impl.lite.IonBlobLite                                            : loaded 2 times (x 220B)
Class com.amazon.ion.impl.LocalSymbolTable                                            : loaded 2 times (x 127B)
Class org.jetbrains.plugins.gradle.tooling.serialization.SerializationService         : loaded 2 times (x 70B)
Class org.gradle.tooling.internal.gradle.GradleBuildIdentity                          : loaded 2 times (x 70B)
Class kotlin.enums.EnumEntries                                                        : loaded 2 times (x 70B)
Class org.apache.commons.io.output.AbstractByteArrayOutputStream                      : loaded 2 times (x 102B)
Class com.google.common.collect.IndexedImmutableSet$1                                 : loaded 2 times (x 213B)
Class com.android.builder.model.v2.ide.JavaCompileOptions                             : loaded 2 times (x 70B)
Class com.google.common.cache.CacheBuilder$OneWeigher                                 : loaded 2 times (x 82B)
Class com.google.gson.JsonParseException                                              : loaded 2 times (x 82B)
Class com.google.gson.JsonObject                                                      : loaded 2 times (x 93B)
Class com.amazon.ion.IonList                                                          : loaded 2 times (x 70B)
Class org.jetbrains.plugins.gradle.tooling.serialization.internal.adapter.Supplier    : loaded 2 times (x 70B)
Class org.gradle.tooling.internal.adapter.ProtocolToModelAdapter$MixInMappingAction   : loaded 2 times (x 80B)
Class org.gradle.internal.exceptions.ResolutionProvider                               : loaded 2 times (x 70B)
Class com.google.common.reflect.Types$ClassOwnership$1LocalClass                      : loaded 2 times (x 71B)
Class org.jetbrains.plugins.gradle.model.MavenRepositoryModel                         : loaded 2 times (x 70B)
Class com.amazon.ion.IonSystem                                                        : loaded 2 times (x 70B)
Class com.amazon.ion.impl.bin.IonManagedBinaryWriter$ImportedSymbolContext            : loaded 2 times (x 72B)
Class kotlin.text.MatchResult$DefaultImpls                                            : loaded 2 times (x 71B)
Class org.gradle.tooling.model.idea.IdeaCompilerOutput                                : loaded 2 times (x 70B)
Class org.gradle.tooling.model.ProjectIdentifier                                      : loaded 2 times (x 70B)
Class org.gradle.internal.classloader.ClasspathUtil                                   : loaded 2 times (x 71B)
Class com.android.builder.model.v2.ide.ComponentInfo                                  : loaded 2 times (x 70B)
Class com.google.common.util.concurrent.Uninterruptibles                              : loaded 2 times (x 71B)
Class com.android.builder.model.v2.ide.ProjectType                                    : loaded 2 times (x 79B)
Class com.intellij.gradle.toolingExtension.impl.model.sourceSetModel.GradleSourceSetSerialisationService: loaded 2 times (x 77B)
Class kotlin.io.FileSystemException                                                   : loaded 2 times (x 82B)
Class com.google.common.io.CharSource                                                 : loaded 2 times (x 85B)
Class com.android.builder.model.v2.dsl.BaseConfig                                     : loaded 2 times (x 70B)
Class com.google.common.util.concurrent.LazyLogger                                    : loaded 2 times (x 72B)
Class com.google.common.collect.Maps                                                  : loaded 2 times (x 71B)
Class com.amazon.ion.impl.lite.IonIntLite                                             : loaded 2 times (x 190B)
Class com.amazon.ion.impl._Private_IonReaderBuilder$TwoElementInputStream             : loaded 2 times (x 92B)
Class com.amazon.ion.util._Private_FastAppendable                                     : loaded 2 times (x 70B)
Class [Lcom.amazon.ion.impl.bin.IonRawBinaryWriter$PreallocationMode;                 : loaded 2 times (x 69B)
Class io.opentelemetry.context.propagation.TextMapGetter                              : loaded 2 times (x 70B)
Class kotlin.sequences.DistinctSequence                                               : loaded 2 times (x 75B)
Class org.gradle.internal.time.TimeSource$1                                           : loaded 2 times (x 77B)
Class kotlin.jvm.internal.DefaultConstructorMarker                                    : loaded 2 times (x 71B)
Class org.gradle.api.specs.Spec                                                       : loaded 2 times (x 70B)
Class org.apache.commons.io.file.PathFilter                                           : loaded 2 times (x 70B)
Class com.google.common.reflect.Types$JavaVersion                                     : loaded 2 times (x 83B)
Class com.google.gson.internal.sql.SqlDateTypeAdapter                                 : loaded 2 times (x 74B)
Class [Lcom.google.common.collect.ImmutableEntry;                                     : loaded 2 times (x 69B)
Class com.amazon.ion.impl.lite.IonSexpLite                                            : loaded 2 times (x 491B)
Class com.amazon.ion.impl.lite.IonListLite                                            : loaded 2 times (x 491B)
Class com.amazon.ion.IonFloat                                                         : loaded 2 times (x 70B)
Class io.opentelemetry.context.ThreadLocalContextStorage$ScopeImpl                    : loaded 2 times (x 79B)
Class com.google.common.cache.LocalCache$LoadingValueReference                        : loaded 2 times (x 96B)
Class com.amazon.ion.impl.LocalSymbolTable$Factory                                    : loaded 2 times (x 77B)
Class com.amazon.ion.impl.bin.IonManagedBinaryWriter$ImportedSymbolResolverMode       : loaded 2 times (x 80B)
Class com.intellij.gradle.toolingExtension.impl.model.buildScriptClasspathModel.GradleBuildScriptClasspathSerializationService: loaded 2 times (x 77B)
Class com.google.common.reflect.Invokable$MethodInvokable                             : loaded 2 times (x 107B)
Class com.google.common.io.LineReader$1                                               : loaded 2 times (x 75B)
Class com.google.common.collect.CollectSpliterators                                   : loaded 2 times (x 71B)
Class com.google.common.collect.AbstractMapBasedMultimap$AsMap                        : loaded 2 times (x 128B)
Class com.google.common.base.Platform                                                 : loaded 2 times (x 71B)
Class com.google.gson.internal.bind.ReflectiveTypeAdapterFactory$RecordAdapter        : loaded 2 times (x 77B)
Class com.amazon.ion.impl.LocalSymbolTableAsStruct                                    : loaded 2 times (x 132B)
Class com.amazon.ion.impl.lite.IonTimestampLite                                       : loaded 2 times (x 193B)
Class org.jetbrains.plugins.gradle.model.FileCollectionDependency                     : loaded 2 times (x 70B)
Class io.opentelemetry.api.trace.SpanBuilder                                          : loaded 2 times (x 70B)
Class io.opentelemetry.api.DefaultOpenTelemetry                                       : loaded 2 times (x 89B)
Class com.intellij.gradle.toolingExtension.impl.model.utilDummyModel.DummyModel       : loaded 2 times (x 70B)
Class kotlin.text.StringsKt__RegexExtensionsKt                                        : loaded 2 times (x 71B)
Class kotlin.collections.EmptyIterator                                                : loaded 2 times (x 89B)
Class org.gradle.internal.time.Clock                                                  : loaded 2 times (x 70B)
Class com.google.common.collect.AbstractMapBasedMultimap$WrappedList                  : loaded 2 times (x 205B)
Class com.android.builder.model.v2.dsl.ProductFlavor                                  : loaded 2 times (x 70B)
Class [Lcom.android.builder.model.v2.ide.TestInfo$Execution;                          : loaded 2 times (x 69B)
Class com.google.gson.internal.reflect.ReflectionHelper$RecordNotSupportedHelper      : loaded 2 times (x 78B)
Class [Lorg.objectweb.asm.AnnotationWriter;                                           : loaded 2 times (x 69B)
Class com.google.gson.JsonIOException                                                 : loaded 2 times (x 82B)
Class com.google.common.collect.Maps$8                                                : loaded 2 times (x 82B)
Class com.amazon.ion.IonString                                                        : loaded 2 times (x 70B)
Class io.opentelemetry.context.propagation.TextMapPropagator                          : loaded 2 times (x 70B)
Class org.jetbrains.plugins.gradle.model.GradleSourceSetDependencyModel               : loaded 2 times (x 70B)
Class kotlin.io.FilePathComponents                                                    : loaded 2 times (x 72B)
Class com.google.common.collect.CompoundOrdering                                      : loaded 2 times (x 115B)
Class kotlin.sequences.SequencesKt__SequencesJVMKt                                    : loaded 2 times (x 71B)
Class kotlin.coroutines.jvm.internal.RestrictedSuspendLambda                          : loaded 2 times (x 91B)
Class org.gradle.tooling.internal.adapter.TypeInspector                               : loaded 2 times (x 73B)
Class org.gradle.tooling.internal.adapter.ProtocolToModelAdapter$NoOpDecoration       : loaded 2 times (x 79B)
Class org.gradle.tooling.model.Element                                                : loaded 2 times (x 70B)
Class kotlin.collections.AbstractList                                                 : loaded 2 times (x 197B)
Class kotlin.collections.AbstractCollection                                           : loaded 2 times (x 117B)
Class com.google.common.util.concurrent.ExecutionError                                : loaded 2 times (x 82B)
Class com.google.common.collect.Lists$ReverseList$1                                   : loaded 2 times (x 99B)
Class com.google.common.collect.Sets$SetView                                          : loaded 2 times (x 138B)
Class com.google.common.cache.LocalCache$StrongValueReference                         : loaded 2 times (x 90B)
Class com.amazon.ion.BufferConfiguration                                              : loaded 2 times (x 72B)
Class com.amazon.ion.system.SimpleCatalog                                             : loaded 2 times (x 91B)
Class io.opentelemetry.context.ArrayBasedContext                                      : loaded 2 times (x 100B)
Class com.intellij.gradle.toolingExtension.impl.model.taskModel.GradleTaskSerialisationService: loaded 2 times (x 76B)
Class com.android.ide.gradle.model.LegacyV1AgpVersionModel                            : loaded 2 times (x 70B)
Class kotlin.text.StringsKt__StringBuilderJVMKt                                       : loaded 2 times (x 71B)
Class kotlin.text.Regex                                                               : loaded 2 times (x 72B)
Class kotlin.sequences.SequencesKt__SequenceBuilderKt$sequence$$inlined$Sequence$1    : loaded 2 times (x 75B)
Class com.google.common.graph.SuccessorsFunction                                      : loaded 2 times (x 70B)
Class [Lcom.google.gson.stream.JsonToken;                                             : loaded 2 times (x 69B)
Class org.objectweb.asm.Type                                                          : loaded 2 times (x 72B)
Class com.google.gson.LongSerializationPolicy$1                                       : loaded 2 times (x 80B)
Class org.jetbrains.plugins.gradle.tooling.util.IntObjectMap$1                        : loaded 2 times (x 77B)
Class org.gradle.tooling.model.internal.ImmutableDomainObjectSet                      : loaded 2 times (x 155B)
Class org.gradle.internal.classloader.VisitableURLClassLoader$InstrumentingVisitableURLClassLoader: loaded 2 times (x 123B)
Class org.apache.commons.io.FileUtils                                                 : loaded 2 times (x 71B)
Class com.google.common.io.Files$FileByteSink                                         : loaded 2 times (x 77B)
Class com.android.builder.model.v2.ide.AndroidGradlePluginProjectFlags                : loaded 2 times (x 70B)
Class [Lcom.android.builder.model.v2.ide.AndroidGradlePluginProjectFlags$BooleanFlag; : loaded 2 times (x 69B)
Class com.android.builder.model.v2.ide.BasicVariant                                   : loaded 2 times (x 70B)
Class org.objectweb.asm.ByteVector                                                    : loaded 2 times (x 79B)
Class [Lcom.google.common.cache.CacheBuilder$NullListener;                            : loaded 2 times (x 69B)
Class com.google.gson.LongSerializationPolicy$2                                       : loaded 2 times (x 80B)
Class com.google.common.math.IntMath$1                                                : loaded 2 times (x 71B)
Class [Lcom.amazon.ion.impl.bin.IonRawBinaryWriter$StreamFlushMode;                   : loaded 2 times (x 69B)
Class com.amazon.ion.UnsupportedIonVersionException                                   : loaded 2 times (x 85B)
Class io.opentelemetry.api.trace.SpanId                                               : loaded 2 times (x 71B)
Class kotlin.comparisons.ComparisonsKt__ComparisonsKt                                 : loaded 2 times (x 71B)
Class kotlin.ranges.RangesKt__RangesKt                                                : loaded 2 times (x 71B)
Class kotlin.collections.SetsKt___SetsKt                                              : loaded 2 times (x 71B)
Class kotlin.sequences.SequencesKt__SequencesKt                                       : loaded 2 times (x 71B)
Class kotlin.coroutines.Continuation                                                  : loaded 2 times (x 70B)
Class org.gradle.internal.classloader.VisitableURLClassLoader$Spec                    : loaded 2 times (x 74B)
Class org.gradle.internal.classpath.DefaultClassPath                                  : loaded 2 times (x 90B)
Class com.google.common.reflect.Types$ClassOwnership                                  : loaded 2 times (x 80B)
Class com.google.common.base.AbstractIterator                                         : loaded 2 times (x 80B)
Class com.android.builder.model.v2.ide.BundleInfo                                     : loaded 2 times (x 70B)
Class com.android.builder.model.v2.ide.SourceProvider                                 : loaded 2 times (x 70B)
Class org.objectweb.asm.Symbol                                                        : loaded 2 times (x 73B)
Class com.amazon.ion.impl.bin.IonManagedBinaryWriter$SymbolState                      : loaded 2 times (x 80B)
Class com.amazon.ion.IonStruct                                                        : loaded 2 times (x 70B)
Class org.jetbrains.plugins.gradle.model.GradleBuildScriptClasspathModel              : loaded 2 times (x 70B)
Class kotlin.sequences.FilteringSequence                                              : loaded 2 times (x 75B)
Class kotlin.text.CharsKt__CharJVMKt                                                  : loaded 2 times (x 71B)
Class kotlin.comparisons.ComparisonsKt                                                : loaded 2 times (x 71B)
Class kotlin.comparisons.ComparisonsKt___ComparisonsKt                                : loaded 2 times (x 71B)
Class kotlin.coroutines.jvm.internal.BaseContinuationImpl                             : loaded 2 times (x 87B)
Class kotlin.Result$Companion                                                         : loaded 2 times (x 71B)
Class org.gradle.util.internal.DefaultGradleVersion                                   : loaded 2 times (x 82B)
Class com.google.common.io.Java8Compatibility                                         : loaded 2 times (x 71B)
Class com.google.common.io.Closer                                                     : loaded 2 times (x 78B)
Class com.google.common.collect.ImmutableEnumSet                                      : loaded 2 times (x 146B)
Class [Lcom.google.gson.Strictness;                                                   : loaded 2 times (x 69B)
Class com.google.gson.reflect.TypeToken                                               : loaded 2 times (x 75B)
Class com.google.common.collect.RegularImmutableMap$Values                            : loaded 2 times (x 207B)
Class com.android.builder.model.v2.models.VariantDependenciesAdjacencyList            : loaded 2 times (x 70B)
Class [Lio.opentelemetry.context.ThreadLocalContextStorage;                           : loaded 2 times (x 69B)
Class org.gradle.internal.classloader.ClassLoaderSpec                                 : loaded 2 times (x 71B)
Class ijKotlinCoroutineJvmDebugInit1_59kuf07funhdh06x21tty695i$_run_closure1$_closure2: loaded 2 times (x 139B)
Class com.google.common.io.ByteSource$EmptyByteSource                                 : loaded 2 times (x 85B)
Class org.objectweb.asm.AnnotationWriter                                              : loaded 2 times (x 79B)
Class com.google.common.cache.CacheStats                                              : loaded 2 times (x 71B)
Class com.google.gson.internal.sql.SqlTimestampTypeAdapter$1                          : loaded 2 times (x 75B)
Class com.google.gson.JsonPrimitive                                                   : loaded 2 times (x 93B)
Class build_eu4xmq9tw6473xt4pl7dw2k29$_run_closure1                                   : loaded 2 times (x 139B)
Class com.amazon.ion.impl.IonWriterSystemTextMarkup                                   : loaded 2 times (x 192B)
Class com.amazon.ion.impl.bin.BlockAllocator                                          : loaded 2 times (x 80B)
Class kotlin.jvm.internal.FunctionReferenceImpl                                       : loaded 2 times (x 126B)
Class kotlin.collections.CollectionsKt___CollectionsJvmKt                             : loaded 2 times (x 71B)
Class com.google.common.collect.ImmutableMultisetGwtSerializationDependencies         : loaded 2 times (x 125B)
Class com.google.common.io.Closer$Suppressor                                          : loaded 2 times (x 70B)
Class com.google.common.io.LineProcessor                                              : loaded 2 times (x 70B)
Class [Lcom.google.gson.ReflectionAccessFilter$FilterResult;                          : loaded 2 times (x 69B)
Class org.objectweb.asm.RecordComponentWriter                                         : loaded 2 times (x 78B)
Class com.google.common.util.concurrent.AbstractFuture$Listener                       : loaded 2 times (x 72B)
Class [Lcom.android.builder.model.v2.ide.ProjectType;                                 : loaded 2 times (x 69B)
Class com.google.common.collect.AbstractMapBasedMultimap$WrappedCollection            : loaded 2 times (x 124B)
Class com.google.gson.JsonElement                                                     : loaded 2 times (x 92B)
Class com.amazon.ion.system.IonWriterBuilderBase                                      : loaded 2 times (x 83B)
Class io.opentelemetry.api.trace.Tracer                                               : loaded 2 times (x 70B)
Class kotlin.TuplesKt                                                                 : loaded 2 times (x 71B)
Class kotlin.jvm.internal.markers.KMutableIterable                                    : loaded 2 times (x 70B)
Class kotlin.Unit                                                                     : loaded 2 times (x 71B)
Class kotlin.sequences.SequencesKt___SequencesJvmKt                                   : loaded 2 times (x 71B)
Class org.gradle.tooling.internal.adapter.ProtocolToModelAdapter$DefaultViewBuilder   : loaded 2 times (x 80B)
Class ijKotlinCoroutineJvmDebugInit1_59kuf07funhdh06x21tty695i$_run_closure1          : loaded 2 times (x 139B)
Class [Lcom.android.builder.model.v2.ide.AaptOptions$Namespacing;                     : loaded 2 times (x 69B)
Class com.android.ide.common.gradle.Version$Companion$ParseState                      : loaded 2 times (x 70B)
Class org.objectweb.asm.Attribute                                                     : loaded 2 times (x 77B)
Class com.google.common.base.Supplier                                                 : loaded 2 times (x 70B)
Class com.google.gson.internal.bind.CollectionTypeAdapterFactory                      : loaded 2 times (x 75B)
Class io.opentelemetry.api.trace.ArrayBasedTraceState                                 : loaded 2 times (x 86B)
Class io.opentelemetry.context.ContextKey                                             : loaded 2 times (x 70B)
Class io.opentelemetry.context.propagation.TextMapSetter                              : loaded 2 times (x 70B)
Class kotlin.ranges.RangesKt                                                          : loaded 2 times (x 71B)
Class org.gradle.tooling.internal.adapter.ProtocolToModelAdapter$ViewGraphDetails$1   : loaded 2 times (x 77B)
Class org.gradle.internal.classloader.VisitableURLClassLoader                         : loaded 2 times (x 117B)
Class com.google.common.collect.ImmutableList$SerializedForm                          : loaded 2 times (x 73B)
Class com.android.ide.common.repository.AgpVersion$Companion                          : loaded 2 times (x 71B)
Class [Lcom.amazon.ion.SymbolTable;                                                   : loaded 2 times (x 69B)
Class com.amazon.ion.impl.bin.IonBinaryWriterAdapter$Factory                          : loaded 2 times (x 70B)
Class com.amazon.ion.impl.BlockedBuffer$BufferedOutputStream                          : loaded 2 times (x 90B)
Class org.jetbrains.plugins.gradle.tooling.serialization.ExternalTestsSerializationService$ReadContext: loaded 2 times (x 72B)
Class kotlin.sequences.FlatteningSequence$iterator$1                                  : loaded 2 times (x 79B)
Class kotlin.jvm.functions.Function0                                                  : loaded 2 times (x 70B)
Class kotlin.collections.ArraysUtilJVM                                                : loaded 2 times (x 71B)
Class org.gradle.internal.classloader.ClassLoaderHierarchy                            : loaded 2 times (x 70B)
Class kotlin.collections.CollectionsKt__ReversedViewsKt                               : loaded 2 times (x 71B)
Class org.gradle.tooling.model.idea.IdeaDependency                                    : loaded 2 times (x 70B)
Class com.android.builder.model.v2.ide.AaptOptions                                    : loaded 2 times (x 70B)
Class [Lcom.android.builder.model.v2.ide.BytecodeTransformation;                      : loaded 2 times (x 69B)
Class com.google.common.base.Strings                                                  : loaded 2 times (x 71B)
Class com.android.ide.common.gradle.Version$Companion                                 : loaded 2 times (x 71B)
Class com.google.common.collect.Sets                                                  : loaded 2 times (x 71B)
Class org.objectweb.asm.Handler                                                       : loaded 2 times (x 72B)
Class com.google.common.base.Ticker                                                   : loaded 2 times (x 72B)
Class kotlin.sequences.SequencesKt__SequenceBuilderKt                                 : loaded 2 times (x 71B)
Class com.google.gson.internal.bind.TreeTypeAdapter                                   : loaded 2 times (x 75B)
Class com.google.gson.internal.sql.SqlTimeTypeAdapter                                 : loaded 2 times (x 74B)
Class com.amazon.ion.impl.bin.AbstractIonWriter$WriteValueOptimization                : loaded 2 times (x 79B)
Class kotlin.collections.AbstractMutableList                                          : loaded 2 times (x 206B)
Class kotlin.jvm.functions.Function1                                                  : loaded 2 times (x 70B)
Class com.android.builder.model.v2.models.ndk.NativeModelBuilderParameter             : loaded 2 times (x 70B)
Class [Lcom.google.common.cache.LocalCache$Segment;                                   : loaded 2 times (x 69B)
Class [Lcom.google.common.cache.LocalCache$Strength;                                  : loaded 2 times (x 69B)
Class com.google.common.cache.CacheBuilder$1                                          : loaded 2 times (x 85B)
Class kotlin.io.FilesKt__FileTreeWalkKt                                               : loaded 2 times (x 71B)
Class com.google.gson.internal.bind.TypeAdapters$20                                   : loaded 2 times (x 75B)
Class com.google.common.collect.ImmutableMap                                          : loaded 2 times (x 120B)
Class com.amazon.ion.impl.bin.BlockAllocatorProvider                                  : loaded 2 times (x 72B)
Class io.opentelemetry.api.trace.ArrayBasedTraceStateBuilder                          : loaded 2 times (x 77B)
Class org.jetbrains.plugins.gradle.tooling.serialization.internal.IdeaProjectSerializationService$WriteContext: loaded 2 times (x 72B)
Class com.intellij.gradle.toolingExtension.impl.model.sourceSetDependencyModel.GradleSourceSetDependencySerialisationService: loaded 2 times (x 77B)
Class org.jetbrains.plugins.gradle.model.GradleSourceSetModel                         : loaded 2 times (x 70B)
Class kotlin.KotlinNothingValueException                                              : loaded 2 times (x 82B)
Class kotlin.jvm.functions.Function2                                                  : loaded 2 times (x 70B)
Class org.gradle.internal.classpath.DefaultClassPath$ImmutableUniqueList$Builder      : loaded 2 times (x 75B)
Class kotlin.jvm.internal.CollectionToArray                                           : loaded 2 times (x 71B)
Class com.google.gson.stream.JsonToken                                                : loaded 2 times (x 79B)
Class com.google.common.cache.LocalCache                                              : loaded 2 times (x 187B)
Class com.google.common.cache.CacheBuilder$2                                          : loaded 2 times (x 79B)
Class kotlin.sequences.FilteringSequence$iterator$1                                   : loaded 2 times (x 79B)
Class com.google.gson.internal.bind.TypeAdapters$21                                   : loaded 2 times (x 75B)
Class com.google.gson.FieldNamingPolicy$1                                             : loaded 2 times (x 83B)
Class com.amazon.ion.impl.lite.IonSequenceLite                                        : loaded 2 times (x 433B)
Class com.amazon.ion.impl._Private_Utils$1                                            : loaded 2 times (x 98B)
Class com.amazon.ion.impl.SymbolTableAsStruct                                         : loaded 2 times (x 70B)
Class io.opentelemetry.api.trace.TracerProvider                                       : loaded 2 times (x 70B)
Class com.android.ide.gradle.model.dependencies.Coordinates                           : loaded 2 times (x 70B)
Class kotlin.collections.MapsKt___MapsJvmKt                                           : loaded 2 times (x 71B)
Class org.gradle.tooling.internal.adapter.WeakIdentityHashMap$AbsentValueProvider     : loaded 2 times (x 70B)
Class com.google.common.collect.ArrayListMultimap                                     : loaded 2 times (x 172B)
Class com.google.common.cache.CacheBuilder$3                                          : loaded 2 times (x 72B)
Class com.google.gson.internal.bind.TypeAdapters$22                                   : loaded 2 times (x 75B)
Class com.google.gson.FieldNamingPolicy$2                                             : loaded 2 times (x 83B)
Class com.google.gson.internal.Excluder$1                                             : loaded 2 times (x 74B)
Class [Lcom.google.common.collect.AbstractMapEntry;                                   : loaded 2 times (x 69B)
Class com.google.common.collect.ImmutableEntry                                        : loaded 2 times (x 82B)
Class com.amazon.ion.impl.bin.AbstractIonWriter                                       : loaded 2 times (x 160B)
Class io.opentelemetry.api.trace.AutoValue_ArrayBasedTraceState                       : loaded 2 times (x 87B)
Class gnu.trove.TObjectHash                                                           : loaded 2 times (x 94B)
Class org.jetbrains.plugins.gradle.tooling.util.ObjectCollector$Processor             : loaded 2 times (x 70B)
Class kotlin.jvm.functions.Function4                                                  : loaded 2 times (x 70B)
Class kotlin.collections.EmptySet                                                     : loaded 2 times (x 122B)
Class kotlin.annotation.Target                                                        : loaded 2 times (x 70B)
Class kotlin.collections.CollectionsKt___CollectionsKt                                : loaded 2 times (x 71B)
Class com.intellij.gradle.toolingExtension.impl.model.sourceSetModel.GradleSourceSetSerialisationService$Companion: loaded 2 times (x 71B)
Class org.gradle.internal.exceptions.NonGradleCauseExceptionsHolder                   : loaded 2 times (x 70B)
Class org.gradle.tooling.model.idea.IdeaModuleDependency                              : loaded 2 times (x 70B)
Class org.gradle.tooling.internal.adapter.ViewBuilder                                 : loaded 2 times (x 70B)
Class org.apache.commons.io.StandardLineSeparator                                     : loaded 2 times (x 79B)
Class com.google.common.base.Suppliers$MemoizingSupplier                              : loaded 2 times (x 79B)
Class com.android.builder.model.v2.ide.AndroidLibraryData                             : loaded 2 times (x 70B)
Class com.android.builder.model.v2.ide.ApiVersion                                     : loaded 2 times (x 70B)
Class com.android.ide.common.gradle.Version                                           : loaded 2 times (x 75B)
Class com.google.gson.internal.bind.TypeAdapters$23                                   : loaded 2 times (x 75B)
Class com.google.gson.FieldNamingPolicy$3                                             : loaded 2 times (x 83B)
Class com.google.common.collect.CollectPreconditions                                  : loaded 2 times (x 71B)
Class com.amazon.ion.system.IonReaderBuilder                                          : loaded 2 times (x 95B)
Class io.opentelemetry.api.trace.TraceState                                           : loaded 2 times (x 70B)
Class org.jetbrains.plugins.gradle.model.AnnotationProcessingConfig                   : loaded 2 times (x 70B)
Class com.amazon.ion.IonReader                                                        : loaded 2 times (x 70B)
Class gnu.trove.Equality                                                              : loaded 2 times (x 70B)
Class kotlin.text.StringsKt___StringsJvmKt                                            : loaded 2 times (x 71B)
Class kotlin.reflect.KDeclarationContainer                                            : loaded 2 times (x 70B)
Class kotlin.annotation.Retention                                                     : loaded 2 times (x 70B)
Class [Lcom.google.common.io.FileWriteMode;                                           : loaded 2 times (x 69B)
Class com.android.builder.model.v2.models.Versions$Version                            : loaded 2 times (x 70B)
Class com.google.gson.internal.bind.TypeAdapters$24                                   : loaded 2 times (x 75B)
Class com.google.gson.FieldNamingPolicy$4                                             : loaded 2 times (x 83B)
Class com.google.common.collect.SortedMapDifference                                   : loaded 2 times (x 70B)
Class com.amazon.ion.IonClob                                                          : loaded 2 times (x 70B)
Class io.opentelemetry.context.LazyStorage                                            : loaded 2 times (x 71B)
Class org.jetbrains.plugins.gradle.tooling.ModelBuilderService$Parameter              : loaded 2 times (x 70B)
Class kotlin.io.FilesKt                                                               : loaded 2 times (x 71B)
Class kotlin.collections.MapsKt___MapsKt                                              : loaded 2 times (x 71B)
Class kotlin.collections.ArraysKt___ArraysKt                                          : loaded 2 times (x 71B)
Class com.google.common.io.Files                                                      : loaded 2 times (x 71B)
Class com.google.common.cache.LocalCache$EntryFactory                                 : loaded 2 times (x 83B)
Class com.google.gson.internal.bind.TypeAdapters$25                                   : loaded 2 times (x 75B)
Class com.google.gson.FieldNamingPolicy$5                                             : loaded 2 times (x 83B)
Class com.amazon.ion.impl.lite.IonLobLite                                             : loaded 2 times (x 185B)
Class com.amazon.ion.impl.lite.IonTextLite                                            : loaded 2 times (x 182B)
Class com.amazon.ion.IonNumber                                                        : loaded 2 times (x 70B)
Class gnu.trove.TObjectHashingStrategy                                                : loaded 2 times (x 70B)
Class kotlin.collections.MapsKt__MapWithDefaultKt                                     : loaded 2 times (x 71B)
Class org.gradle.tooling.internal.adapter.ProtocolToModelAdapter$ReflectionMethodInvoker: loaded 2 times (x 76B)
Class com.google.common.reflect.Types$NativeTypeVariableEquals                        : loaded 2 times (x 71B)
Class com.google.common.reflect.TypeParameter                                         : loaded 2 times (x 72B)
Class [Lcom.android.ide.common.gradle.Separator;                                      : loaded 2 times (x 69B)
Class com.google.common.cache.LocalCache$AbstractReferenceEntry                       : loaded 2 times (x 107B)
Class com.google.gson.internal.bind.ArrayTypeAdapter                                  : loaded 2 times (x 74B)
Class com.google.gson.internal.bind.TypeAdapters$26                                   : loaded 2 times (x 75B)
Class com.google.gson.FieldNamingPolicy$6                                             : loaded 2 times (x 83B)
Class [Lcom.amazon.ion.impl.bin.IonManagedBinaryWriter$UserState;                     : loaded 2 times (x 69B)
Class com.amazon.ion.impl.bin.utf8.Utf8StringEncoder                                  : loaded 2 times (x 80B)
Class com.amazon.ion.IonBool                                                          : loaded 2 times (x 70B)
Class kotlin.text.StringsKt___StringsKt                                               : loaded 2 times (x 71B)
Class com.google.common.collect.NullsLastOrdering                                     : loaded 2 times (x 115B)
Class kotlin.collections.CollectionsKt__MutableCollectionsJVMKt                       : loaded 2 times (x 71B)
Class com.amazon.ion.impl._Private_IonValue                                           : loaded 2 times (x 70B)
Class kotlin.enums.EnumEntriesKt                                                      : loaded 2 times (x 71B)
Class com.amazon.ion.impl.bin.IonManagedBinaryWriter$UserState$2                      : loaded 2 times (x 85B)
Class com.android.builder.model.v2.models.VariantDependencies                         : loaded 2 times (x 70B)
Class com.google.gson.internal.reflect.ReflectionHelper                               : loaded 2 times (x 71B)
Class org.objectweb.asm.SymbolTable                                                   : loaded 2 times (x 72B)
Class com.google.common.cache.CacheLoader$InvalidCacheLoadException                   : loaded 2 times (x 82B)
Class com.google.gson.internal.bind.TypeAdapters$27                                   : loaded 2 times (x 75B)
Class com.google.gson.FieldNamingPolicy$7                                             : loaded 2 times (x 83B)
Class com.google.common.io.FileWriteMode                                              : loaded 2 times (x 79B)
Class com.amazon.ion.IonLoader                                                        : loaded 2 times (x 70B)
Class io.opentelemetry.context.propagation.NoopTextMapPropagator                      : loaded 2 times (x 76B)
Class com.intellij.gradle.toolingExtension.model.repositoryModel.ProjectRepositoriesModel: loaded 2 times (x 70B)
Class org.jetbrains.plugins.gradle.model.GradleProperty                               : loaded 2 times (x 70B)
Class gnu.trove.TObjectCanonicalHashingStrategy                                       : loaded 2 times (x 78B)
Class org.gradle.internal.classloader.SystemClassLoaderSpec                           : loaded 2 times (x 71B)
Class com.android.builder.model.v2.ide.TestedTargetVariant                            : loaded 2 times (x 70B)
Class com.google.common.cache.LocalCache$StrongEntry                                  : loaded 2 times (x 108B)
Class com.google.common.util.concurrent.AbstractFuture$TrustedFuture                  : loaded 2 times (x 114B)
Class com.google.common.cache.LoadingCache                                            : loaded 2 times (x 70B)
Class [Lcom.google.gson.LongSerializationPolicy;                                      : loaded 2 times (x 69B)
Class com.amazon.ion.impl._Private_Utils                                              : loaded 2 times (x 71B)
Class kotlin.ranges.IntRange$Companion                                                : loaded 2 times (x 71B)
Class kotlin.text.MatcherMatchResult$groups$1                                         : loaded 2 times (x 151B)
Class kotlin.collections.EmptyMap                                                     : loaded 2 times (x 108B)
Class kotlin.reflect.KAnnotatedElement                                                : loaded 2 times (x 70B)
Class kotlin.jvm.internal.markers.KMutableCollection                                  : loaded 2 times (x 70B)
Class kotlin.coroutines.intrinsics.IntrinsicsKt                                       : loaded 2 times (x 71B)
Class org.gradle.internal.exceptions.MultiCauseException                              : loaded 2 times (x 70B)
Class org.gradle.internal.time.CountdownTimer                                         : loaded 2 times (x 70B)
Class kotlin.jvm.internal.Intrinsics                                                  : loaded 2 times (x 71B)
Class com.google.common.base.Suppliers$NonSerializableMemoizingSupplier               : loaded 2 times (x 79B)
Class com.google.gson.internal.Streams$AppendableWriter                               : loaded 2 times (x 99B)
Class com.google.common.io.ByteStreams$LimitedInputStream                             : loaded 2 times (x 92B)
Class org.objectweb.asm.MethodWriter                                                  : loaded 2 times (x 106B)
Class [Lcom.google.common.cache.Weigher;                                              : loaded 2 times (x 69B)
Class com.google.gson.internal.bind.MapTypeAdapterFactory                             : loaded 2 times (x 75B)
Class com.google.gson.internal.bind.TypeAdapters$29                                   : loaded 2 times (x 75B)
Class com.google.gson.JsonNull                                                        : loaded 2 times (x 92B)
Class com.google.common.collect.RegularImmutableMap$BucketOverflowException           : loaded 2 times (x 82B)
Class io.opentelemetry.api.trace.Span                                                 : loaded 2 times (x 70B)
Class com.intellij.gradle.toolingExtension.impl.model.projectModel.GradleExternalProjectSerializationService$ReadContext: loaded 2 times (x 73B)
Class com.intellij.gradle.toolingExtension.impl.model.dependencyModel.DependencyWriteContext: loaded 2 times (x 72B)
Class kotlin.collections.MapsKt                                                       : loaded 2 times (x 71B)
Class kotlin.coroutines.intrinsics.CoroutineSingletons                                : loaded 2 times (x 79B)
Class kotlin.collections.CollectionsKt__IterablesKt                                   : loaded 2 times (x 71B)
Class org.gradle.tooling.model.ProjectModel                                           : loaded 2 times (x 70B)
Class com.google.common.collect.AbstractMapBasedMultimap$RandomAccessWrappedList      : loaded 2 times (x 205B)
Class com.google.common.collect.ImmutableMultimap$1                                   : loaded 2 times (x 82B)
Class com.android.ide.common.gradle.Version$Companion$ParseState$EMPTY                : loaded 2 times (x 74B)
Class org.jetbrains.plugins.gradle.model.GradleConfiguration                          : loaded 2 times (x 70B)
Class com.amazon.ion.impl.bin.utf8.Utf8StringEncoderPool                              : loaded 2 times (x 74B)
Class com.amazon.ion.impl._Private_IonSystem                                          : loaded 2 times (x 70B)
Class com.amazon.ion.BufferConfiguration$OversizedValueHandler                        : loaded 2 times (x 70B)
Class kotlin.ranges.OpenEndRange                                                      : loaded 2 times (x 70B)
Class kotlin.sequences.SequenceBuilderIterator                                        : loaded 2 times (x 85B)
Class kotlin.KotlinNullPointerException                                               : loaded 2 times (x 83B)
Class com.google.common.reflect.Types$JavaVersion$1                                   : loaded 2 times (x 83B)
Class com.google.common.collect.ImmutableMultimap$2                                   : loaded 2 times (x 81B)
Class com.android.ide.common.repository.AgpVersion$Companion$WhenMappings             : loaded 2 times (x 71B)
Class com.google.common.collect.RegularImmutableBiMap                                 : loaded 2 times (x 149B)
Class com.google.common.cache.LocalCache$ValueReference                               : loaded 2 times (x 70B)
Class [Lcom.google.common.base.AbstractIterator$State;                                : loaded 2 times (x 69B)
Class org.gradle.internal.classloader.FilteringClassLoader                            : loaded 2 times (x 105B)
Class com.google.gson.internal.bind.DefaultDateTypeAdapter$DateType$1                 : loaded 2 times (x 73B)
Class com.amazon.ion.IonDecimal                                                       : loaded 2 times (x 70B)
Class io.opentelemetry.api.OpenTelemetry                                              : loaded 2 times (x 70B)
Class org.jetbrains.plugins.gradle.model.tests.ExternalTestsModel                     : loaded 2 times (x 70B)
Class kotlin.ranges.RangesKt___RangesKt                                               : loaded 2 times (x 71B)
Class org.gradle.tooling.model.idea.IdeaLanguageLevel                                 : loaded 2 times (x 70B)
Class org.gradle.tooling.internal.adapter.ProtocolToModelAdapter$SafeMethodInvoker    : loaded 2 times (x 76B)
Class org.gradle.tooling.internal.adapter.WeakIdentityHashMap$WeakKey                 : loaded 2 times (x 79B)
Class org.gradle.internal.exceptions.DefaultMultiCauseException                       : loaded 2 times (x 95B)
Class com.google.common.reflect.Types$JavaVersion$2                                   : loaded 2 times (x 83B)
Class com.google.common.reflect.Types                                                 : loaded 2 times (x 71B)
Class com.google.common.hash.PrimitiveSink                                            : loaded 2 times (x 70B)
Class com.google.gson.internal.Streams                                                : loaded 2 times (x 71B)
Class com.android.builder.model.v2.ide.ProjectInfo                                    : loaded 2 times (x 70B)
Class com.google.common.base.PatternCompiler                                          : loaded 2 times (x 70B)
Class com.google.common.util.concurrent.AbstractFuture$Failure                        : loaded 2 times (x 72B)
Class com.google.common.base.Equivalence$Equals                                       : loaded 2 times (x 82B)
Class com.google.gson.internal.LazilyParsedNumber                                     : loaded 2 times (x 78B)
Class com.google.common.collect.Hashing                                               : loaded 2 times (x 71B)
Class kotlin.NotImplementedError                                                      : loaded 2 times (x 82B)
Class com.amazon.ion.impl.bin.IonRawBinaryWriter$StreamCloseMode                      : loaded 2 times (x 79B)
Class com.amazon.ion.impl._Private_IonBinaryWriterBuilder$Mutable                     : loaded 2 times (x 115B)
Class io.opentelemetry.api.trace.PropagatedSpan                                       : loaded 2 times (x 112B)
Class com.intellij.gradle.toolingExtension.impl.model.projectModel.GradleExternalProjectSerializationService: loaded 2 times (x 77B)
Class kotlin.text.CharsKt__CharKt                                                     : loaded 2 times (x 71B)
Class kotlin.collections.ArrayDeque$Companion                                         : loaded 2 times (x 71B)
Class kotlin.collections.ArraysKt                                                     : loaded 2 times (x 71B)
Class org.gradle.tooling.model.HierarchicalElement                                    : loaded 2 times (x 70B)
Class [Lorg.apache.commons.io.file.DeleteOption;                                      : loaded 2 times (x 69B)
Class com.google.common.collect.ImmutableSetMultimap                                  : loaded 2 times (x 180B)
Class com.google.common.reflect.Types$JavaVersion$3                                   : loaded 2 times (x 83B)
Class com.google.common.io.CharSink                                                   : loaded 2 times (x 79B)
Class com.android.builder.model.v2.dsl.DependenciesInfo                               : loaded 2 times (x 70B)
Class kotlin.sequences.FlatteningSequence                                             : loaded 2 times (x 75B)
Class org.objectweb.asm.Label                                                         : loaded 2 times (x 73B)
Class org.objectweb.asm.CurrentFrame                                                  : loaded 2 times (x 73B)
Class org.objectweb.asm.ClassTooLargeException                                        : loaded 2 times (x 83B)
Class kotlin.text.MatcherMatchResult                                                  : loaded 2 times (x 80B)
Class kotlin.text.MatchGroupCollection                                                : loaded 2 times (x 70B)
Class kotlin.text.StringsKt__StringsKt                                                : loaded 2 times (x 71B)
Class com.amazon.ion.impl.bin.IonRawBinaryWriter$PatchPoint                           : loaded 2 times (x 72B)
Class com.amazon.ion.IonBlob                                                          : loaded 2 times (x 70B)
Class com.amazon.ion.IonLob                                                           : loaded 2 times (x 70B)
Class com.amazon.ion.IonSequence                                                      : loaded 2 times (x 70B)
Class io.opentelemetry.api.trace.TraceFlags                                           : loaded 2 times (x 70B)
Class org.jetbrains.plugins.gradle.tooling.serialization.ExternalTestsSerializationService: loaded 2 times (x 77B)
Class com.google.common.collect.ByFunctionOrdering                                    : loaded 2 times (x 115B)
Class kotlin.collections.SetsKt__SetsKt                                               : loaded 2 times (x 71B)
Class kotlin.coroutines.EmptyCoroutineContext                                         : loaded 2 times (x 77B)
Class org.gradle.internal.time.Time                                                   : loaded 2 times (x 71B)
Class com.google.common.reflect.Types$JavaVersion$4                                   : loaded 2 times (x 83B)
Class com.google.common.io.ByteSource$AsCharSource                                    : loaded 2 times (x 86B)
Class com.google.common.collect.Maps$IteratorBasedAbstractMap                         : loaded 2 times (x 125B)
Class com.google.common.collect.RangeGwtSerializationDependencies                     : loaded 2 times (x 71B)
Class com.google.common.collect.Table                                                 : loaded 2 times (x 70B)
Class com.android.builder.model.v2.models.ProjectGraph                                : loaded 2 times (x 70B)
Class com.android.ide.common.gradle.Version$Companion$ParseState$NUMERIC              : loaded 2 times (x 74B)
Class com.google.gson.internal.reflect.ReflectionHelper$RecordSupportedHelper         : loaded 2 times (x 78B)
Class com.android.ide.gradle.model.dependencies.DeclaredDependencies                  : loaded 2 times (x 70B)
Class org.objectweb.asm.Frame                                                         : loaded 2 times (x 73B)
Class org.objectweb.asm.MethodVisitor                                                 : loaded 2 times (x 105B)
Class com.google.common.cache.LocalCache$EntryFactory$1                               : loaded 2 times (x 83B)
Class [Lcom.google.common.cache.RemovalListener;                                      : loaded 2 times (x 69B)
Class org.jetbrains.plugins.gradle.tooling.serialization.internal.IdeaProjectSerializationService$ReadContext: loaded 2 times (x 72B)
Class com.amazon.ion.impl.bin.IonManagedBinaryWriter$UserState$1                      : loaded 2 times (x 85B)
Class com.android.ide.common.repository.AgpVersion$PreviewKind                        : loaded 2 times (x 79B)
Class com.amazon.ion.system.IonTextWriterBuilder                                      : loaded 2 times (x 98B)
Class com.amazon.ion.impl.bin.IonManagedBinaryWriter$ImportedSymbolResolverMode$1$1$1 : loaded 2 times (x 76B)
Class com.amazon.ion.impl._Private_LocalSymbolTableFactory                            : loaded 2 times (x 70B)
Class org.jetbrains.plugins.gradle.tooling.serialization.AnnotationProcessingModelSerializationService: loaded 2 times (x 77B)
Class kotlin.collections.ArraysKt__ArraysJVMKt                                        : loaded 2 times (x 71B)
Class com.google.common.reflect.Types$JavaVersion$5                                   : loaded 2 times (x 71B)
Class [Lcom.google.common.reflect.Types$ClassOwnership;                               : loaded 2 times (x 69B)
Class com.google.common.collect.RegularImmutableMap$KeySet                            : loaded 2 times (x 152B)
Class com.google.common.cache.LocalCache$EntryFactory$2                               : loaded 2 times (x 83B)
Class com.google.gson.internal.bind.JsonAdapterAnnotationTypeAdapterFactory           : loaded 2 times (x 75B)
Class com.amazon.ion.impl.lite.IonNullLite                                            : loaded 2 times (x 176B)
Class org.jetbrains.plugins.gradle.model.DependencyAccessorsModel                     : loaded 2 times (x 70B)
Class [Lcom.intellij.openapi.externalSystem.model.project.dependencies.ResolutionState;: loaded 2 times (x 69B)
Class gnu.trove.TObjectIntHashMap                                                     : loaded 2 times (x 109B)
Class kotlin.text.StringsKt__StringBuilderKt                                          : loaded 2 times (x 71B)
Class kotlin.jvm.internal.CallableReference$NoReceiver                                : loaded 2 times (x 71B)
Class org.gradle.api.internal.classpath.GlobalCacheRootsProvider                      : loaded 2 times (x 70B)
Class com.google.common.collect.CollectCollectors                                     : loaded 2 times (x 71B)
Class org.objectweb.asm.ModuleWriter                                                  : loaded 2 times (x 82B)
Class com.google.common.cache.LocalCache$EntryFactory$3                               : loaded 2 times (x 83B)
Class com.google.common.base.Ticker$1                                                 : loaded 2 times (x 72B)
Class com.google.gson.internal.bind.NumberTypeAdapter                                 : loaded 2 times (x 74B)
Class com.google.common.collect.Maps$BiMapConverter                                   : loaded 2 times (x 90B)
Class com.google.common.collect.ImmutableMapEntrySet$RegularEntrySet                  : loaded 2 times (x 152B)
Class com.amazon.ion.impl.lite.IonClobLite                                            : loaded 2 times (x 221B)
Class com.amazon.ion.impl._Private_ValueFactory                                       : loaded 2 times (x 70B)
Class com.amazon.ion.impl.bin.IonRawBinaryWriter$PreallocationMode$1                  : loaded 2 times (x 82B)
Class [Lcom.amazon.ion.impl.bin._Private_IonManagedBinaryWriterBuilder$AllocatorMode; : loaded 2 times (x 69B)
Class org.jetbrains.kotlin.idea.gradleTooling.KotlinMPPGradleModel                    : loaded 2 times (x 70B)
Class io.opentelemetry.context.propagation.ContextPropagators                         : loaded 2 times (x 70B)
Class com.intellij.gradle.toolingExtension.impl.model.dependencyDownloadPolicyModel.GradleDependencyDownloadPolicy: loaded 2 times (x 70B)
Class org.gradle.tooling.model.BuildIdentifier                                        : loaded 2 times (x 70B)
Class kotlin.NoWhenBranchMatchedException                                             : loaded 2 times (x 82B)
Class com.google.common.collect.SetMultimap                                           : loaded 2 times (x 70B)
Class com.android.builder.model.v2.ide.VectorDrawablesOptions                         : loaded 2 times (x 70B)
Class com.google.common.cache.LocalCache$EntryFactory$4                               : loaded 2 times (x 83B)
Class com.google.gson.internal.bind.ObjectTypeAdapter$1                               : loaded 2 times (x 76B)
Class com.google.gson.ToNumberPolicy$1                                                : loaded 2 times (x 83B)
Class [Lcom.google.gson.FieldNamingStrategy;                                          : loaded 2 times (x 69B)
Class com.google.gson.internal.Excluder                                               : loaded 2 times (x 75B)
Class com.google.common.collect.ImmutableSet$Builder                                  : loaded 2 times (x 85B)
Class com.amazon.ion.IonInt                                                           : loaded 2 times (x 70B)
Class com.amazon.ion.impl.bin.IonRawBinaryWriter$PreallocationMode$2                  : loaded 2 times (x 82B)
Class org.jetbrains.kotlin.idea.gradleTooling.PrepareKotlinIdeImportTaskModel         : loaded 2 times (x 70B)
Class com.android.builder.model.v2.ide.Edge                                           : loaded 2 times (x 70B)
Class com.google.common.io.ByteStreams$1                                              : loaded 2 times (x 85B)
Class com.android.builder.model.v2.models.VariantDependenciesFlatList                 : loaded 2 times (x 70B)
Class com.google.gson.internal.ReflectionAccessFilterHelper                           : loaded 2 times (x 71B)
Class com.google.gson.internal.reflect.ReflectionHelper$RecordHelper                  : loaded 2 times (x 75B)
Class com.google.common.cache.LocalCache$EntryFactory$5                               : loaded 2 times (x 83B)
Class com.google.gson.ToNumberPolicy$2                                                : loaded 2 times (x 83B)
Class com.amazon.ion.impl.bin.IonRawBinaryWriter$PreallocationMode$3                  : loaded 2 times (x 82B)
Class com.android.ide.gradle.model.GradlePluginModel                                  : loaded 2 times (x 70B)
Class com.google.common.collect.ReverseOrdering                                       : loaded 2 times (x 115B)
Class org.gradle.tooling.model.build.JavaEnvironment                                  : loaded 2 times (x 70B)
Class org.apache.commons.io.output.AppendableWriter                                   : loaded 2 times (x 100B)
Class com.android.builder.model.v2.ide.SourceSetContainer                             : loaded 2 times (x 70B)
Class com.google.gson.internal.bind.ReflectiveTypeAdapterFactory$FieldsData           : loaded 2 times (x 72B)
Class com.google.common.cache.LocalCache$EntryFactory$6                               : loaded 2 times (x 83B)
Class com.google.gson.ToNumberPolicy$3                                                : loaded 2 times (x 83B)
Class org.jetbrains.plugins.gradle.model.GradleExtension                              : loaded 2 times (x 70B)
Class com.amazon.ion.impl.lite.IonDecimalLite                                         : loaded 2 times (x 189B)
Class com.amazon.ion.IonBufferConfiguration$Builder                                   : loaded 2 times (x 78B)
Class org.gradle.internal.time.Timer                                                  : loaded 2 times (x 70B)
Class kotlin.jvm.internal.markers.KMappedMarker                                       : loaded 2 times (x 70B)
Class org.gradle.internal.installation.CurrentGradleInstallationLocator               : loaded 2 times (x 71B)
Class org.apache.commons.io.output.ThresholdingOutputStream                           : loaded 2 times (x 95B)
Class com.google.common.io.ByteSource$SlicedByteSource                                : loaded 2 times (x 85B)
Class com.google.common.collect.ImmutableMultimap$Builder                             : loaded 2 times (x 86B)
Class com.android.builder.model.v2.ide.LintOptions                                    : loaded 2 times (x 70B)
Class com.google.common.collect.Maps$KeySet                                           : loaded 2 times (x 137B)
Class com.google.common.cache.LocalCache$EntryFactory$7                               : loaded 2 times (x 83B)
Class com.google.gson.ToNumberPolicy$4                                                : loaded 2 times (x 83B)
Class com.google.common.collect.ImmutableSet$EmptySetBuilderImpl                      : loaded 2 times (x 76B)
Class com.google.common.base.Equivalence$Identity                                     : loaded 2 times (x 82B)
Class [Lcom.amazon.ion.impl.bin.IonRawBinaryWriter$ContainerType;                     : loaded 2 times (x 69B)
Class org.gradle.tooling.internal.adapter.ProtocolToModelAdapter$ViewGraphDetails     : loaded 2 times (x 72B)
Class org.gradle.tooling.model.idea.IdeaProject                                       : loaded 2 times (x 70B)
Class org.gradle.tooling.model.DomainObjectSet                                        : loaded 2 times (x 70B)
Class org.gradle.internal.service.DefaultServiceLocator                               : loaded 2 times (x 83B)
Class com.google.common.collect.Maps$EntrySet                                         : loaded 2 times (x 136B)
Class com.google.common.collect.ImmutableMultimap$EntryCollection                     : loaded 2 times (x 128B)
Class com.android.builder.model.v2.ide.BasicArtifact                                  : loaded 2 times (x 70B)
Class com.google.common.cache.LocalCache$EntryFactory$8                               : loaded 2 times (x 83B)
Class com.google.gson.internal.sql.SqlTypesSupport                                    : loaded 2 times (x 71B)
Class com.google.gson.Gson                                                            : loaded 2 times (x 72B)
Class com.google.common.base.PairwiseEquivalence                                      : loaded 2 times (x 83B)
Class com.amazon.ion.impl.bin.utf8.Utf8StringEncoder$Result                           : loaded 2 times (x 74B)
Class com.amazon.ion.impl.bin.utf8.Pool$Allocator                                     : loaded 2 times (x 70B)
Class com.amazon.ion.IonText                                                          : loaded 2 times (x 70B)
Class com.amazon.ion.impl.SymbolTokenImpl                                             : loaded 2 times (x 81B)
Class com.amazon.ion.SubstituteSymbolTableException                                   : loaded 2 times (x 84B)
Class io.opentelemetry.api.trace.SpanContextKey                                       : loaded 2 times (x 71B)
Class kotlin.coroutines.jvm.internal.SuspendFunction                                  : loaded 2 times (x 70B)
Class org.gradle.util.GradleVersion                                                   : loaded 2 times (x 81B)
Class org.gradle.internal.installation.CurrentGradleInstallation                      : loaded 2 times (x 73B)
Class com.google.common.cache.CacheLoader$1                                           : loaded 2 times (x 75B)
Class com.google.gson.Gson$FutureTypeAdapter                                          : loaded 2 times (x 76B)
Class com.google.gson.Gson$1                                                          : loaded 2 times (x 76B)
Class com.android.builder.model.v2.ide.ViewBindingOptions                             : loaded 2 times (x 70B)
Class com.amazon.ion.impl.bin.IonManagedBinaryWriter$ImportDescriptor                 : loaded 2 times (x 76B)
Class com.amazon.ion.SymbolTable                                                      : loaded 2 times (x 70B)
Class org.jetbrains.plugins.gradle.javaModel.JavaGradleManifestModel                  : loaded 2 times (x 70B)
Class org.jetbrains.plugins.gradle.tooling.serialization.GradleExtensionsSerializationService$WriteContext: loaded 2 times (x 72B)
Class com.intellij.gradle.toolingExtension.impl.model.taskModel.GradleTaskSerialisationService$Companion: loaded 2 times (x 71B)
Class kotlin.jvm.internal.StringCompanionObject                                       : loaded 2 times (x 71B)
Class kotlin.coroutines.intrinsics.IntrinsicsKt__IntrinsicsJvmKt                      : loaded 2 times (x 71B)
Class kotlin.coroutines.jvm.internal.CoroutineStackFrame                              : loaded 2 times (x 70B)
Class org.gradle.tooling.internal.adapter.ProtocolToModelAdapter$MethodInvocationCache$MethodInvocationKey: loaded 2 times (x 73B)
Class org.gradle.util.internal.GUtil                                                  : loaded 2 times (x 71B)
Class com.google.common.io.ByteSource                                                 : loaded 2 times (x 84B)
Class com.android.utils.StringHelper                                                  : loaded 2 times (x 71B)
Class com.google.common.cache.AbstractCache$StatsCounter                              : loaded 2 times (x 70B)
Class com.google.gson.Gson$2                                                          : loaded 2 times (x 76B)
Class [Lcom.amazon.ion.impl.bin.IonManagedBinaryWriter$SymbolState;                   : loaded 2 times (x 69B)
Class com.amazon.ion.impl._Private_IonWriterBase                                      : loaded 2 times (x 162B)
Class com.amazon.ion.system.IonSystemBuilder                                          : loaded 2 times (x 75B)
Class com.amazon.ion.IonCatalog                                                       : loaded 2 times (x 70B)
Class io.opentelemetry.api.trace.TraceId                                              : loaded 2 times (x 71B)
Class com.intellij.gradle.toolingExtension.impl.model.utilTurnOffDefaultTasksModel.TurnOffDefaultTasks: loaded 2 times (x 70B)
Class com.intellij.gradle.toolingExtension.impl.model.sourceSetModel.GradleSourceSetSerialisationService$SourceSetModelReadContext: loaded 2 times (x 72B)
Class kotlin.io.NoSuchFileException                                                   : loaded 2 times (x 82B)
Class kotlin.collections.CollectionsKt                                                : loaded 2 times (x 71B)
Class com.google.common.reflect.Types$TypeVariableImpl                                : loaded 2 times (x 72B)
Class com.google.common.io.LineBuffer                                                 : loaded 2 times (x 75B)
Class com.android.builder.model.v2.dsl.BuildType                                      : loaded 2 times (x 70B)
Class com.google.gson.internal.bind.ReflectiveTypeAdapterFactory$BoundField           : loaded 2 times (x 75B)
Class com.google.gson.Gson$3                                                          : loaded 2 times (x 75B)
Class com.amazon.ion.BufferConfiguration$Builder                                      : loaded 2 times (x 78B)
Class com.google.common.io.LineReader                                                 : loaded 2 times (x 72B)
Class io.opentelemetry.api.internal.ImmutableSpanContext                              : loaded 2 times (x 91B)
Class com.intellij.gradle.toolingExtension.impl.model.sourceSetModel.GradleSourceSetSerialisationService$SourceSetModelWriteContext: loaded 2 times (x 72B)
Class kotlin.ranges.IntProgressionIterator                                            : loaded 2 times (x 82B)
Class kotlin.coroutines.CoroutineContext                                              : loaded 2 times (x 70B)
Class kotlin.coroutines.jvm.internal.DebugProbesKt                                    : loaded 2 times (x 71B)
Class org.gradle.tooling.internal.adapter.WeakIdentityHashMap                         : loaded 2 times (x 76B)
Class org.gradle.tooling.GradleConnectionException                                    : loaded 2 times (x 83B)
Class org.gradle.tooling.internal.adapter.ProtocolToModelAdapter$1                    : loaded 2 times (x 75B)
Class org.gradle.tooling.internal.adapter.ProtocolToModelAdapter$ViewDecoration       : loaded 2 times (x 70B)
Class org.gradle.internal.installation.GradleInstallation                             : loaded 2 times (x 75B)
Class com.google.common.base.Splitter$Strategy                                        : loaded 2 times (x 70B)
Class com.google.gson.internal.bind.DefaultDateTypeAdapter$1                          : loaded 2 times (x 75B)
Class com.google.gson.Gson$4                                                          : loaded 2 times (x 76B)
Class com.google.gson.internal.ConstructorConstructor                                 : loaded 2 times (x 72B)
Class com.google.common.collect.Iterables                                             : loaded 2 times (x 71B)
Class com.amazon.ion.impl.lite.ContainerlessContext                                   : loaded 2 times (x 80B)
Class io.opentelemetry.api.trace.DefaultTracer                                        : loaded 2 times (x 74B)
Class org.jetbrains.plugins.gradle.tooling.serialization.GradleExtensionsSerializationService$ReadContext: loaded 2 times (x 72B)
Class com.google.common.collect.ForwardingCollection                                  : loaded 2 times (x 130B)
Class com.google.common.collect.LexicographicalOrdering                               : loaded 2 times (x 115B)
Class org.gradle.tooling.internal.adapter.MethodInvoker                               : loaded 2 times (x 70B)
Class com.android.ide.common.gradle.Part                                              : loaded 2 times (x 77B)
Class com.google.gson.ReflectionAccessFilter$FilterResult                             : loaded 2 times (x 79B)
Class com.google.common.collect.Lists$RandomAccessReverseList                         : loaded 2 times (x 200B)
Class com.google.gson.Gson$5                                                          : loaded 2 times (x 76B)
Class gnu.trove.PrimeFinder                                                           : loaded 2 times (x 71B)
Class com.amazon.ion.UnexpectedEofException                                           : loaded 2 times (x 84B)
Class com.amazon.ion.IonSexp                                                          : loaded 2 times (x 70B)
Class com.amazon.ion.ReadOnlyValueException                                           : loaded 2 times (x 84B)
Class com.amazon.ion.impl._Private_LocalSymbolTable                                   : loaded 2 times (x 70B)
Class com.amazon.ion.BufferConfiguration$DataHandler                                  : loaded 2 times (x 70B)
Class com.amazon.ion.impl._Private_IonBinaryWriterBuilder                             : loaded 2 times (x 115B)
Class org.jetbrains.plugins.gradle.tooling.serialization.RepositoriesModelSerializationService$WriteContext: loaded 2 times (x 72B)
Class com.android.ide.gradle.model.LegacyAndroidGradlePluginProperties                : loaded 2 times (x 70B)
Class kotlin.ranges.IntProgression                                                    : loaded 2 times (x 81B)
Class kotlin.jvm.KotlinReflectionNotSupportedError                                    : loaded 2 times (x 82B)
Class org.gradle.tooling.model.gradle.GradleScript                                    : loaded 2 times (x 70B)

---------------  S Y S T E M  ---------------

OS:
 Windows 11 , 64 bit Build 26100 (10.0.26100.9444)
OS uptime: 0 days 16:07 hours
Hyper-V role detected

CPU: total 12 (initial active 12) (12 cores per cpu, 2 threads per core) family 25 model 80 stepping 0 microcode 0xa500011, cx8, cmov, fxsr, ht, mmx, 3dnowpref, sse, sse2, sse3, ssse3, sse4a, sse4.1, sse4.2, popcnt, lzcnt, tsc, tscinvbit, avx, avx2, aes, erms, clmul, bmi1, bmi2, adx, sha, fma, vzeroupper, clflush, clflushopt, hv, rdtscp, rdpid, fsrm, f16c, cet_ss
Processor Information for the first 12 processors :
  Max Mhz: 2000, Current Mhz: 2000, Mhz Limit: 2000

Memory: 4k page, system-wide physical 7558M (412M free)
TotalPageFile size 17946M (AvailPageFile size 20M)
current process WorkingSet (physical memory assigned to process): 697M, peak: 697M
current process commit charge ("private bytes"): 838M, peak: 909M

vm_info: OpenJDK 64-Bit Server VM (21.0.11+1-b1163.116) for windows-amd64 JRE (21.0.11+1-b1163.116), built on 2026-04-30 by "builduser" with MS VC++ 17.14 (VS2022)

END.
